Country,Uri,Popularity,Title,Artist,Album/Single,Genre,Artist_followers,Explicit,Album,Release_date,Track_number,Tracks_in_album,danceability,energy,key,loudness,mode,speechiness,acoustics,instrumentalness,liveliness,valence,tempo,duration_ms,time_signature,Genre_new,Days_since_release,Released_after_2017,Explicit_false,Explicit_true,album,compilation,single,bolero,boy band,country,dance/electronic,else,funk,hip hop,house,indie,jazz,k-pop,latin,metal,opm,pop,r&b/soul,rap,reggae,reggaeton,rock,trap,syuzhet_norm,bing_norm,afinn_norm,nrc_norm,syuzhet,bing,afinn,nrc,anger,anticipation,disgust,fear,joy,sadness,surprise,trust,negative,positive,n_words,anger_norm,anticipation_norm,disgust_norm,fear_norm,joy_norm,sadness_norm,surprise_norm,trust_norm,negative_norm,positive_norm,anger_norm2,anticipation_norm2,disgust_norm2,fear_norm2,joy_norm2,sadness_norm2,surprise_norm2,trust_norm2,negative_norm2,positive_norm2,negative_bog_jr,positive_bog_jr,Bayes,Negative_Bayes,Neutral_Bayes,Positive_Bayes,LDA_Topic,Celebrate,Desire,Explore,Fun,Hope,Love,Nostalgia,Thug,bing_norm_negative,bing_norm_neutral,bing_norm_positive,Argentina,Australia,Austria,Belgium,Brazil,Canada,Chile,Colombia,Costa Rica,Denmark,Ecuador,Finland,France,Germany,Global,Indonesia,Ireland,Italy,Malaysia,Mexico,Netherlands,New Zealand,Norway,Peru,Philippines,Poland,Portugal,Singapore,Spain,Sweden,Switzerland,Taiwan,Turkey,UK,USA,Popu_max,Top10_dummy,Top50_dummy,Cluster
Global,https://open.spotify.com/track/6FyRXC8tJUh863JCkyWqtk,31833.95,adan y eva,Paulo Londra,single,argentine hip hop,11427104.0,False,Adan y Eva,2018-11-05,1,1,0.767,0.7090000000000001,1,-4.47,1,0.336,0.32299999999999995,0.0,0.0676,0.72,171.993,258639,4,hip hop,740.0,1.0,1,0,0,0,1,0,0,0,0,0,0,1,0,0,0,0,0,0,0,0,0,0,0,0,0,0,,,,,,,,,,,,,,,,,,,,,,,,,,,,,,,,,,,,,,,,,,,,,,,,,,,,,,,0,0,0,0,0,0,0,0,0,0,0,0,0,0,0,0,0,1,0,0,0,0,0,0,0,0,0,0,0,0,0,0,0,0,0,0,0,0,10,1.0,1.0,global
USA,https://open.spotify.com/track/6FyRXC8tJUh863JCkyWqtk,8.0,adan y eva,Paulo Londra,single,argentine hip hop,11427104.0,False,Adan y Eva,2018-11-05,1,1,0.767,0.7090000000000001,1,-4.47,1,0.336,0.32299999999999995,0.0,0.0676,0.72,171.993,258639,4,hip hop,740.0,1.0,1,0,0,0,1,0,0,0,0,0,0,1,0,0,0,0,0,0,0,0,0,0,0,0,0,0,,,,,,,,,,,,,,,,,,,,,,,,,,,,,,,,,,,,,,,,,,,,,,,,,,,,,,,0,0,0,0,0,0,0,0,0,0,0,0,0,0,0,0,0,0,0,0,0,0,0,0,0,0,0,0,0,0,0,0,0,0,0,0,0,1,191,0.0,0.0,english speaking and nordic
Argentina,https://open.spotify.com/track/6FyRXC8tJUh863JCkyWqtk,76924.4,adan y eva,Paulo Londra,single,argentine hip hop,11427104.0,False,Adan y Eva,2018-11-05,1,1,0.767,0.7090000000000001,1,-4.47,1,0.336,0.32299999999999995,0.0,0.0676,0.72,171.993,258639,4,hip hop,740.0,1.0,1,0,0,0,1,0,0,0,0,0,0,1,0,0,0,0,0,0,0,0,0,0,0,0,0,0,,,,,,,,,,,,,,,,,,,,,,,,,,,,,,,,,,,,,,,,,,,,,,,,,,,,,,,0,0,0,1,0,0,0,0,0,0,0,0,0,0,0,0,0,0,0,0,0,0,0,0,0,0,0,0,0,0,0,0,0,0,0,0,0,0,1,1.0,1.0,spanish speaking
Belgium,https://open.spotify.com/track/6FyRXC8tJUh863JCkyWqtk,849.6000000000001,adan y eva,Paulo Londra,single,argentine hip hop,11427104.0,False,Adan y Eva,2018-11-05,1,1,0.767,0.7090000000000001,1,-4.47,1,0.336,0.32299999999999995,0.0,0.0676,0.72,171.993,258639,4,hip hop,740.0,1.0,1,0,0,0,1,0,0,0,0,0,0,1,0,0,0,0,0,0,0,0,0,0,0,0,0,0,,,,,,,,,,,,,,,,,,,,,,,,,,,,,,,,,,,,,,,,,,,,,,,,,,,,,,,0,0,0,0,0,0,1,0,0,0,0,0,0,0,0,0,0,0,0,0,0,0,0,0,0,0,0,0,0,0,0,0,0,0,0,0,0,0,126,0.0,0.0,english speaking and nordic
Switzerland,https://open.spotify.com/track/6FyRXC8tJUh863JCkyWqtk,20739.1,adan y eva,Paulo Londra,single,argentine hip hop,11427104.0,False,Adan y Eva,2018-11-05,1,1,0.767,0.7090000000000001,1,-4.47,1,0.336,0.32299999999999995,0.0,0.0676,0.72,171.993,258639,4,hip hop,740.0,1.0,1,0,0,0,1,0,0,0,0,0,0,1,0,0,0,0,0,0,0,0,0,0,0,0,0,0,,,,,,,,,,,,,,,,,,,,,,,,,,,,,,,,,,,,,,,,,,,,,,,,,,,,,,,0,0,0,0,0,0,0,0,0,0,0,0,0,0,0,0,0,0,0,0,0,0,0,0,0,0,0,0,0,0,0,0,0,1,0,0,0,0,21,0.0,1.0,english speaking and nordic
Chile,https://open.spotify.com/track/6FyRXC8tJUh863JCkyWqtk,60264.19999999997,adan y eva,Paulo Londra,single,argentine hip hop,11427104.0,False,Adan y Eva,2018-11-05,1,1,0.767,0.7090000000000001,1,-4.47,1,0.336,0.32299999999999995,0.0,0.0676,0.72,171.993,258639,4,hip hop,740.0,1.0,1,0,0,0,1,0,0,0,0,0,0,1,0,0,0,0,0,0,0,0,0,0,0,0,0,0,,,,,,,,,,,,,,,,,,,,,,,,,,,,,,,,,,,,,,,,,,,,,,,,,,,,,,,0,0,0,0,0,0,0,0,0,1,0,0,0,0,0,0,0,0,0,0,0,0,0,0,0,0,0,0,0,0,0,0,0,0,0,0,0,0,1,1.0,1.0,spanish speaking
Colombia,https://open.spotify.com/track/6FyRXC8tJUh863JCkyWqtk,60131.15000000014,adan y eva,Paulo Londra,single,argentine hip hop,11427104.0,False,Adan y Eva,2018-11-05,1,1,0.767,0.7090000000000001,1,-4.47,1,0.336,0.32299999999999995,0.0,0.0676,0.72,171.993,258639,4,hip hop,740.0,1.0,1,0,0,0,1,0,0,0,0,0,0,1,0,0,0,0,0,0,0,0,0,0,0,0,0,0,,,,,,,,,,,,,,,,,,,,,,,,,,,,,,,,,,,,,,,,,,,,,,,,,,,,,,,0,0,0,0,0,0,0,0,0,0,1,0,0,0,0,0,0,0,0,0,0,0,0,0,0,0,0,0,0,0,0,0,0,0,0,0,0,0,2,1.0,1.0,spanish speaking
Costa Rica,https://open.spotify.com/track/6FyRXC8tJUh863JCkyWqtk,64081.30000000009,adan y eva,Paulo Londra,single,argentine hip hop,11427104.0,False,Adan y Eva,2018-11-05,1,1,0.767,0.7090000000000001,1,-4.47,1,0.336,0.32299999999999995,0.0,0.0676,0.72,171.993,258639,4,hip hop,740.0,1.0,1,0,0,0,1,0,0,0,0,0,0,1,0,0,0,0,0,0,0,0,0,0,0,0,0,0,,,,,,,,,,,,,,,,,,,,,,,,,,,,,,,,,,,,,,,,,,,,,,,,,,,,,,,0,0,0,0,0,0,0,0,0,0,0,1,0,0,0,0,0,0,0,0,0,0,0,0,0,0,0,0,0,0,0,0,0,0,0,0,0,0,1,1.0,1.0,spanish speaking
Germany,https://open.spotify.com/track/6FyRXC8tJUh863JCkyWqtk,208.0,adan y eva,Paulo Londra,single,argentine hip hop,11427104.0,False,Adan y Eva,2018-11-05,1,1,0.767,0.7090000000000001,1,-4.47,1,0.336,0.32299999999999995,0.0,0.0676,0.72,171.993,258639,4,hip hop,740.0,1.0,1,0,0,0,1,0,0,0,0,0,0,1,0,0,0,0,0,0,0,0,0,0,0,0,0,0,,,,,,,,,,,,,,,,,,,,,,,,,,,,,,,,,,,,,,,,,,,,,,,,,,,,,,,0,0,0,0,0,0,0,0,0,0,0,0,0,0,0,0,1,0,0,0,0,0,0,0,0,0,0,0,0,0,0,0,0,0,0,0,0,0,180,0.0,0.0,english speaking and nordic
Ecuador,https://open.spotify.com/track/6FyRXC8tJUh863JCkyWqtk,75636.9,adan y eva,Paulo Londra,single,argentine hip hop,11427104.0,False,Adan y Eva,2018-11-05,1,1,0.767,0.7090000000000001,1,-4.47,1,0.336,0.32299999999999995,0.0,0.0676,0.72,171.993,258639,4,hip hop,740.0,1.0,1,0,0,0,1,0,0,0,0,0,0,1,0,0,0,0,0,0,0,0,0,0,0,0,0,0,,,,,,,,,,,,,,,,,,,,,,,,,,,,,,,,,,,,,,,,,,,,,,,,,,,,,,,0,0,0,0,0,0,0,0,0,0,0,0,0,1,0,0,0,0,0,0,0,0,0,0,0,0,0,0,0,0,0,0,0,0,0,0,0,0,1,1.0,1.0,spanish speaking
Spain,https://open.spotify.com/track/6FyRXC8tJUh863JCkyWqtk,69318.34999999998,adan y eva,Paulo Londra,single,argentine hip hop,11427104.0,False,Adan y Eva,2018-11-05,1,1,0.767,0.7090000000000001,1,-4.47,1,0.336,0.32299999999999995,0.0,0.0676,0.72,171.993,258639,4,hip hop,740.0,1.0,1,0,0,0,1,0,0,0,0,0,0,1,0,0,0,0,0,0,0,0,0,0,0,0,0,0,,,,,,,,,,,,,,,,,,,,,,,,,,,,,,,,,,,,,,,,,,,,,,,,,,,,,,,0,0,0,0,0,0,0,0,0,0,0,0,0,0,0,0,0,0,0,0,0,0,0,0,0,0,0,0,0,0,0,1,0,0,0,0,0,0,1,1.0,1.0,spanish speaking
Italy,https://open.spotify.com/track/6FyRXC8tJUh863JCkyWqtk,25361.250000000004,adan y eva,Paulo Londra,single,argentine hip hop,11427104.0,False,Adan y Eva,2018-11-05,1,1,0.767,0.7090000000000001,1,-4.47,1,0.336,0.32299999999999995,0.0,0.0676,0.72,171.993,258639,4,hip hop,740.0,1.0,1,0,0,0,1,0,0,0,0,0,0,1,0,0,0,0,0,0,0,0,0,0,0,0,0,0,,,,,,,,,,,,,,,,,,,,,,,,,,,,,,,,,,,,,,,,,,,,,,,,,,,,,,,0,0,0,0,0,0,0,0,0,0,0,0,0,0,0,0,0,0,0,0,1,0,0,0,0,0,0,0,0,0,0,0,0,0,0,0,0,0,11,0.0,1.0,southern europe and portuguese heritage
Mexico,https://open.spotify.com/track/6FyRXC8tJUh863JCkyWqtk,56380.40000000006,adan y eva,Paulo Londra,single,argentine hip hop,11427104.0,False,Adan y Eva,2018-11-05,1,1,0.767,0.7090000000000001,1,-4.47,1,0.336,0.32299999999999995,0.0,0.0676,0.72,171.993,258639,4,hip hop,740.0,1.0,1,0,0,0,1,0,0,0,0,0,0,1,0,0,0,0,0,0,0,0,0,0,0,0,0,0,,,,,,,,,,,,,,,,,,,,,,,,,,,,,,,,,,,,,,,,,,,,,,,,,,,,,,,0,0,0,0,0,0,0,0,0,0,0,0,0,0,0,0,0,0,0,0,0,0,1,0,0,0,0,0,0,0,0,0,0,0,0,0,0,0,2,1.0,1.0,spanish speaking
Peru,https://open.spotify.com/track/6FyRXC8tJUh863JCkyWqtk,68141.79999999992,adan y eva,Paulo Londra,single,argentine hip hop,11427104.0,False,Adan y Eva,2018-11-05,1,1,0.767,0.7090000000000001,1,-4.47,1,0.336,0.32299999999999995,0.0,0.0676,0.72,171.993,258639,4,hip hop,740.0,1.0,1,0,0,0,1,0,0,0,0,0,0,1,0,0,0,0,0,0,0,0,0,0,0,0,0,0,,,,,,,,,,,,,,,,,,,,,,,,,,,,,,,,,,,,,,,,,,,,,,,,,,,,,,,0,0,0,0,0,0,0,0,0,0,0,0,0,0,0,0,0,0,0,0,0,0,0,0,0,0,1,0,0,0,0,0,0,0,0,0,0,0,1,1.0,1.0,spanish speaking
Portugal,https://open.spotify.com/track/6FyRXC8tJUh863JCkyWqtk,11281.650000000005,adan y eva,Paulo Londra,single,argentine hip hop,11427104.0,False,Adan y Eva,2018-11-05,1,1,0.767,0.7090000000000001,1,-4.47,1,0.336,0.32299999999999995,0.0,0.0676,0.72,171.993,258639,4,hip hop,740.0,1.0,1,0,0,0,1,0,0,0,0,0,0,1,0,0,0,0,0,0,0,0,0,0,0,0,0,0,,,,,,,,,,,,,,,,,,,,,,,,,,,,,,,,,,,,,,,,,,,,,,,,,,,,,,,0,0,0,0,0,0,0,0,0,0,0,0,0,0,0,0,0,0,0,0,0,0,0,0,0,0,0,0,0,1,0,0,0,0,0,0,0,0,60,0.0,0.0,southern europe and portuguese heritage
Taiwan,https://open.spotify.com/track/6FyRXC8tJUh863JCkyWqtk,8.8,adan y eva,Paulo Londra,single,argentine hip hop,11427104.0,False,Adan y Eva,2018-11-05,1,1,0.767,0.7090000000000001,1,-4.47,1,0.336,0.32299999999999995,0.0,0.0676,0.72,171.993,258639,4,hip hop,740.0,1.0,1,0,0,0,1,0,0,0,0,0,0,1,0,0,0,0,0,0,0,0,0,0,0,0,0,0,,,,,,,,,,,,,,,,,,,,,,,,,,,,,,,,,,,,,,,,,,,,,,,,,,,,,,,0,0,0,0,0,0,0,0,0,0,0,0,0,0,0,0,0,0,0,0,0,0,0,0,0,0,0,0,0,0,0,0,0,0,1,0,0,0,190,0.0,0.0,english speaking and nordic
Global,https://open.spotify.com/track/5xhJmd0I15jFcEdqxfCzKk,418.0,it wont kill ya,The Chainsmokers - Louane,album,dance pop,16931568.0,False,Memories...Do Not Open,2017-04-07,7,12,0.5720000000000001,0.53,6,-8.521,0,0.0654,0.0647,0.000169,0.127,0.12,170.138,217613,4,pop,1314.0,1.0,1,0,1,0,0,0,0,0,0,0,0,0,0,0,0,0,0,0,0,1,0,0,0,0,0,0,-1.0,-1.0,-1.0,-1.0,-2.0,-1.0,-7.0,-3.0,0.0,1.0,0.0,1.0,1.0,2.0,0.0,1.0,4.0,1.0,274.0,0.0,0.00364963503649635,0.0,0.00364963503649635,0.00364963503649635,0.0072992700729927,0.0,0.00364963503649635,0.0145985401459854,0.00364963503649635,0.0,0.166666666666667,0.0,0.166666666666667,0.166666666666667,0.33333333333333304,0.0,0.166666666666667,0.8,0.2,0.0,0.0,-1.0,1.0,0.0,0.0,Desire,0.0,1.0,0.0,0.0,0.0,0.0,0.0,0.0,1,0,0,0,0,0,0,0,0,0,0,0,0,0,0,0,0,1,0,0,0,0,0,0,0,0,0,0,0,0,0,0,0,0,0,0,0,0,72,0.0,0.0,global
USA,https://open.spotify.com/track/5xhJmd0I15jFcEdqxfCzKk,581.1999999999998,it wont kill ya,The Chainsmokers - Louane,album,dance pop,16931568.0,False,Memories...Do Not Open,2017-04-07,7,12,0.5720000000000001,0.53,6,-8.521,0,0.0654,0.0647,0.000169,0.127,0.12,170.138,217613,4,pop,1314.0,1.0,1,0,1,0,0,0,0,0,0,0,0,0,0,0,0,0,0,0,0,1,0,0,0,0,0,0,-1.0,-1.0,-1.0,-1.0,-2.0,-1.0,-7.0,-3.0,0.0,1.0,0.0,1.0,1.0,2.0,0.0,1.0,4.0,1.0,274.0,0.0,0.00364963503649635,0.0,0.00364963503649635,0.00364963503649635,0.0072992700729927,0.0,0.00364963503649635,0.0145985401459854,0.00364963503649635,0.0,0.166666666666667,0.0,0.166666666666667,0.166666666666667,0.33333333333333304,0.0,0.166666666666667,0.8,0.2,0.0,0.0,-1.0,1.0,0.0,0.0,Desire,0.0,1.0,0.0,0.0,0.0,0.0,0.0,0.0,1,0,0,0,0,0,0,0,0,0,0,0,0,0,0,0,0,0,0,0,0,0,0,0,0,0,0,0,0,0,0,0,0,0,0,0,0,1,55,0.0,0.0,english speaking and nordic
UK,https://open.spotify.com/track/5xhJmd0I15jFcEdqxfCzKk,120.8,it wont kill ya,The Chainsmokers - Louane,album,dance pop,16931568.0,False,Memories...Do Not Open,2017-04-07,7,12,0.5720000000000001,0.53,6,-8.521,0,0.0654,0.0647,0.000169,0.127,0.12,170.138,217613,4,pop,1314.0,1.0,1,0,1,0,0,0,0,0,0,0,0,0,0,0,0,0,0,0,0,1,0,0,0,0,0,0,-1.0,-1.0,-1.0,-1.0,-2.0,-1.0,-7.0,-3.0,0.0,1.0,0.0,1.0,1.0,2.0,0.0,1.0,4.0,1.0,274.0,0.0,0.00364963503649635,0.0,0.00364963503649635,0.00364963503649635,0.0072992700729927,0.0,0.00364963503649635,0.0145985401459854,0.00364963503649635,0.0,0.166666666666667,0.0,0.166666666666667,0.166666666666667,0.33333333333333304,0.0,0.166666666666667,0.8,0.2,0.0,0.0,-1.0,1.0,0.0,0.0,Desire,0.0,1.0,0.0,0.0,0.0,0.0,0.0,0.0,1,0,0,0,0,0,0,0,0,0,0,0,0,0,0,0,0,0,0,0,0,0,0,0,0,0,0,0,0,0,0,0,0,0,0,0,1,0,109,0.0,0.0,english speaking and nordic
Austria,https://open.spotify.com/track/5xhJmd0I15jFcEdqxfCzKk,404.0,it wont kill ya,The Chainsmokers - Louane,album,dance pop,16931568.0,False,Memories...Do Not Open,2017-04-07,7,12,0.5720000000000001,0.53,6,-8.521,0,0.0654,0.0647,0.000169,0.127,0.12,170.138,217613,4,pop,1314.0,1.0,1,0,1,0,0,0,0,0,0,0,0,0,0,0,0,0,0,0,0,1,0,0,0,0,0,0,-1.0,-1.0,-1.0,-1.0,-2.0,-1.0,-7.0,-3.0,0.0,1.0,0.0,1.0,1.0,2.0,0.0,1.0,4.0,1.0,274.0,0.0,0.00364963503649635,0.0,0.00364963503649635,0.00364963503649635,0.0072992700729927,0.0,0.00364963503649635,0.0145985401459854,0.00364963503649635,0.0,0.166666666666667,0.0,0.166666666666667,0.166666666666667,0.33333333333333304,0.0,0.166666666666667,0.8,0.2,0.0,0.0,-1.0,1.0,0.0,0.0,Desire,0.0,1.0,0.0,0.0,0.0,0.0,0.0,0.0,1,0,0,0,0,1,0,0,0,0,0,0,0,0,0,0,0,0,0,0,0,0,0,0,0,0,0,0,0,0,0,0,0,0,0,0,0,0,62,0.0,0.0,english speaking and nordic
Australia,https://open.spotify.com/track/5xhJmd0I15jFcEdqxfCzKk,29.6,it wont kill ya,The Chainsmokers - Louane,album,dance pop,16931568.0,False,Memories...Do Not Open,2017-04-07,7,12,0.5720000000000001,0.53,6,-8.521,0,0.0654,0.0647,0.000169,0.127,0.12,170.138,217613,4,pop,1314.0,1.0,1,0,1,0,0,0,0,0,0,0,0,0,0,0,0,0,0,0,0,1,0,0,0,0,0,0,-1.0,-1.0,-1.0,-1.0,-2.0,-1.0,-7.0,-3.0,0.0,1.0,0.0,1.0,1.0,2.0,0.0,1.0,4.0,1.0,274.0,0.0,0.00364963503649635,0.0,0.00364963503649635,0.00364963503649635,0.0072992700729927,0.0,0.00364963503649635,0.0145985401459854,0.00364963503649635,0.0,0.166666666666667,0.0,0.166666666666667,0.166666666666667,0.33333333333333304,0.0,0.166666666666667,0.8,0.2,0.0,0.0,-1.0,1.0,0.0,0.0,Desire,0.0,1.0,0.0,0.0,0.0,0.0,0.0,0.0,1,0,0,0,1,0,0,0,0,0,0,0,0,0,0,0,0,0,0,0,0,0,0,0,0,0,0,0,0,0,0,0,0,0,0,0,0,0,172,0.0,0.0,english speaking and nordic
Belgium,https://open.spotify.com/track/5xhJmd0I15jFcEdqxfCzKk,51.2,it wont kill ya,The Chainsmokers - Louane,album,dance pop,16931568.0,False,Memories...Do Not Open,2017-04-07,7,12,0.5720000000000001,0.53,6,-8.521,0,0.0654,0.0647,0.000169,0.127,0.12,170.138,217613,4,pop,1314.0,1.0,1,0,1,0,0,0,0,0,0,0,0,0,0,0,0,0,0,0,0,1,0,0,0,0,0,0,-1.0,-1.0,-1.0,-1.0,-2.0,-1.0,-7.0,-3.0,0.0,1.0,0.0,1.0,1.0,2.0,0.0,1.0,4.0,1.0,274.0,0.0,0.00364963503649635,0.0,0.00364963503649635,0.00364963503649635,0.0072992700729927,0.0,0.00364963503649635,0.0145985401459854,0.00364963503649635,0.0,0.166666666666667,0.0,0.166666666666667,0.166666666666667,0.33333333333333304,0.0,0.166666666666667,0.8,0.2,0.0,0.0,-1.0,1.0,0.0,0.0,Desire,0.0,1.0,0.0,0.0,0.0,0.0,0.0,0.0,1,0,0,0,0,0,1,0,0,0,0,0,0,0,0,0,0,0,0,0,0,0,0,0,0,0,0,0,0,0,0,0,0,0,0,0,0,0,137,0.0,0.0,english speaking and nordic
Canada,https://open.spotify.com/track/5xhJmd0I15jFcEdqxfCzKk,635.8000000000002,it wont kill ya,The Chainsmokers - Louane,album,dance pop,16931568.0,False,Memories...Do Not Open,2017-04-07,7,12,0.5720000000000001,0.53,6,-8.521,0,0.0654,0.0647,0.000169,0.127,0.12,170.138,217613,4,pop,1314.0,1.0,1,0,1,0,0,0,0,0,0,0,0,0,0,0,0,0,0,0,0,1,0,0,0,0,0,0,-1.0,-1.0,-1.0,-1.0,-2.0,-1.0,-7.0,-3.0,0.0,1.0,0.0,1.0,1.0,2.0,0.0,1.0,4.0,1.0,274.0,0.0,0.00364963503649635,0.0,0.00364963503649635,0.00364963503649635,0.0072992700729927,0.0,0.00364963503649635,0.0145985401459854,0.00364963503649635,0.0,0.166666666666667,0.0,0.166666666666667,0.166666666666667,0.33333333333333304,0.0,0.166666666666667,0.8,0.2,0.0,0.0,-1.0,1.0,0.0,0.0,Desire,0.0,1.0,0.0,0.0,0.0,0.0,0.0,0.0,1,0,0,0,0,0,0,0,1,0,0,0,0,0,0,0,0,0,0,0,0,0,0,0,0,0,0,0,0,0,0,0,0,0,0,0,0,0,59,0.0,0.0,english speaking and nordic
Switzerland,https://open.spotify.com/track/5xhJmd0I15jFcEdqxfCzKk,191.95,it wont kill ya,The Chainsmokers - Louane,album,dance pop,16931568.0,False,Memories...Do Not Open,2017-04-07,7,12,0.5720000000000001,0.53,6,-8.521,0,0.0654,0.0647,0.000169,0.127,0.12,170.138,217613,4,pop,1314.0,1.0,1,0,1,0,0,0,0,0,0,0,0,0,0,0,0,0,0,0,0,1,0,0,0,0,0,0,-1.0,-1.0,-1.0,-1.0,-2.0,-1.0,-7.0,-3.0,0.0,1.0,0.0,1.0,1.0,2.0,0.0,1.0,4.0,1.0,274.0,0.0,0.00364963503649635,0.0,0.00364963503649635,0.00364963503649635,0.0072992700729927,0.0,0.00364963503649635,0.0145985401459854,0.00364963503649635,0.0,0.166666666666667,0.0,0.166666666666667,0.166666666666667,0.33333333333333304,0.0,0.166666666666667,0.8,0.2,0.0,0.0,-1.0,1.0,0.0,0.0,Desire,0.0,1.0,0.0,0.0,0.0,0.0,0.0,0.0,1,0,0,0,0,0,0,0,0,0,0,0,0,0,0,0,0,0,0,0,0,0,0,0,0,0,0,0,0,0,0,0,0,1,0,0,0,0,74,0.0,0.0,english speaking and nordic
Germany,https://open.spotify.com/track/5xhJmd0I15jFcEdqxfCzKk,213.6,it wont kill ya,The Chainsmokers - Louane,album,dance pop,16931568.0,False,Memories...Do Not Open,2017-04-07,7,12,0.5720000000000001,0.53,6,-8.521,0,0.0654,0.0647,0.000169,0.127,0.12,170.138,217613,4,pop,1314.0,1.0,1,0,1,0,0,0,0,0,0,0,0,0,0,0,0,0,0,0,0,1,0,0,0,0,0,0,-1.0,-1.0,-1.0,-1.0,-2.0,-1.0,-7.0,-3.0,0.0,1.0,0.0,1.0,1.0,2.0,0.0,1.0,4.0,1.0,274.0,0.0,0.00364963503649635,0.0,0.00364963503649635,0.00364963503649635,0.0072992700729927,0.0,0.00364963503649635,0.0145985401459854,0.00364963503649635,0.0,0.166666666666667,0.0,0.166666666666667,0.166666666666667,0.33333333333333304,0.0,0.166666666666667,0.8,0.2,0.0,0.0,-1.0,1.0,0.0,0.0,Desire,0.0,1.0,0.0,0.0,0.0,0.0,0.0,0.0,1,0,0,0,0,0,0,0,0,0,0,0,0,0,0,0,1,0,0,0,0,0,0,0,0,0,0,0,0,0,0,0,0,0,0,0,0,0,103,0.0,0.0,english speaking and nordic
Finland,https://open.spotify.com/track/5xhJmd0I15jFcEdqxfCzKk,55.2,it wont kill ya,The Chainsmokers - Louane,album,dance pop,16931568.0,False,Memories...Do Not Open,2017-04-07,7,12,0.5720000000000001,0.53,6,-8.521,0,0.0654,0.0647,0.000169,0.127,0.12,170.138,217613,4,pop,1314.0,1.0,1,0,1,0,0,0,0,0,0,0,0,0,0,0,0,0,0,0,0,1,0,0,0,0,0,0,-1.0,-1.0,-1.0,-1.0,-2.0,-1.0,-7.0,-3.0,0.0,1.0,0.0,1.0,1.0,2.0,0.0,1.0,4.0,1.0,274.0,0.0,0.00364963503649635,0.0,0.00364963503649635,0.00364963503649635,0.0072992700729927,0.0,0.00364963503649635,0.0145985401459854,0.00364963503649635,0.0,0.166666666666667,0.0,0.166666666666667,0.166666666666667,0.33333333333333304,0.0,0.166666666666667,0.8,0.2,0.0,0.0,-1.0,1.0,0.0,0.0,Desire,0.0,1.0,0.0,0.0,0.0,0.0,0.0,0.0,1,0,0,0,0,0,0,0,0,0,0,0,0,0,1,0,0,0,0,0,0,0,0,0,0,0,0,0,0,0,0,0,0,0,0,0,0,0,132,0.0,0.0,english speaking and nordic
France,https://open.spotify.com/track/5xhJmd0I15jFcEdqxfCzKk,23711.4,it wont kill ya,The Chainsmokers - Louane,album,dance pop,16931568.0,False,Memories...Do Not Open,2017-04-07,7,12,0.5720000000000001,0.53,6,-8.521,0,0.0654,0.0647,0.000169,0.127,0.12,170.138,217613,4,pop,1314.0,1.0,1,0,1,0,0,0,0,0,0,0,0,0,0,0,0,0,0,0,0,1,0,0,0,0,0,0,-1.0,-1.0,-1.0,-1.0,-2.0,-1.0,-7.0,-3.0,0.0,1.0,0.0,1.0,1.0,2.0,0.0,1.0,4.0,1.0,274.0,0.0,0.00364963503649635,0.0,0.00364963503649635,0.00364963503649635,0.0072992700729927,0.0,0.00364963503649635,0.0145985401459854,0.00364963503649635,0.0,0.166666666666667,0.0,0.166666666666667,0.166666666666667,0.33333333333333304,0.0,0.166666666666667,0.8,0.2,0.0,0.0,-1.0,1.0,0.0,0.0,Desire,0.0,1.0,0.0,0.0,0.0,0.0,0.0,0.0,1,0,0,0,0,0,0,0,0,0,0,0,0,0,0,1,0,0,0,0,0,0,0,0,0,0,0,0,0,0,0,0,0,0,0,0,0,0,24,0.0,1.0,southern europe and portuguese heritage
Indonesia,https://open.spotify.com/track/5xhJmd0I15jFcEdqxfCzKk,343.85,it wont kill ya,The Chainsmokers - Louane,album,dance pop,16931568.0,False,Memories...Do Not Open,2017-04-07,7,12,0.5720000000000001,0.53,6,-8.521,0,0.0654,0.0647,0.000169,0.127,0.12,170.138,217613,4,pop,1314.0,1.0,1,0,1,0,0,0,0,0,0,0,0,0,0,0,0,0,0,0,0,1,0,0,0,0,0,0,-1.0,-1.0,-1.0,-1.0,-2.0,-1.0,-7.0,-3.0,0.0,1.0,0.0,1.0,1.0,2.0,0.0,1.0,4.0,1.0,274.0,0.0,0.00364963503649635,0.0,0.00364963503649635,0.00364963503649635,0.0072992700729927,0.0,0.00364963503649635,0.0145985401459854,0.00364963503649635,0.0,0.166666666666667,0.0,0.166666666666667,0.166666666666667,0.33333333333333304,0.0,0.166666666666667,0.8,0.2,0.0,0.0,-1.0,1.0,0.0,0.0,Desire,0.0,1.0,0.0,0.0,0.0,0.0,0.0,0.0,1,0,0,0,0,0,0,0,0,0,0,0,0,0,0,0,0,0,1,0,0,0,0,0,0,0,0,0,0,0,0,0,0,0,0,0,0,0,81,0.0,0.0,southern europe and portuguese heritage
Ireland,https://open.spotify.com/track/5xhJmd0I15jFcEdqxfCzKk,183.45,it wont kill ya,The Chainsmokers - Louane,album,dance pop,16931568.0,False,Memories...Do Not Open,2017-04-07,7,12,0.5720000000000001,0.53,6,-8.521,0,0.0654,0.0647,0.000169,0.127,0.12,170.138,217613,4,pop,1314.0,1.0,1,0,1,0,0,0,0,0,0,0,0,0,0,0,0,0,0,0,0,1,0,0,0,0,0,0,-1.0,-1.0,-1.0,-1.0,-2.0,-1.0,-7.0,-3.0,0.0,1.0,0.0,1.0,1.0,2.0,0.0,1.0,4.0,1.0,274.0,0.0,0.00364963503649635,0.0,0.00364963503649635,0.00364963503649635,0.0072992700729927,0.0,0.00364963503649635,0.0145985401459854,0.00364963503649635,0.0,0.166666666666667,0.0,0.166666666666667,0.166666666666667,0.33333333333333304,0.0,0.166666666666667,0.8,0.2,0.0,0.0,-1.0,1.0,0.0,0.0,Desire,0.0,1.0,0.0,0.0,0.0,0.0,0.0,0.0,1,0,0,0,0,0,0,0,0,0,0,0,0,0,0,0,0,0,0,1,0,0,0,0,0,0,0,0,0,0,0,0,0,0,0,0,0,0,100,0.0,0.0,english speaking and nordic
Italy,https://open.spotify.com/track/5xhJmd0I15jFcEdqxfCzKk,13.6,it wont kill ya,The Chainsmokers - Louane,album,dance pop,16931568.0,False,Memories...Do Not Open,2017-04-07,7,12,0.5720000000000001,0.53,6,-8.521,0,0.0654,0.0647,0.000169,0.127,0.12,170.138,217613,4,pop,1314.0,1.0,1,0,1,0,0,0,0,0,0,0,0,0,0,0,0,0,0,0,0,1,0,0,0,0,0,0,-1.0,-1.0,-1.0,-1.0,-2.0,-1.0,-7.0,-3.0,0.0,1.0,0.0,1.0,1.0,2.0,0.0,1.0,4.0,1.0,274.0,0.0,0.00364963503649635,0.0,0.00364963503649635,0.00364963503649635,0.0072992700729927,0.0,0.00364963503649635,0.0145985401459854,0.00364963503649635,0.0,0.166666666666667,0.0,0.166666666666667,0.166666666666667,0.33333333333333304,0.0,0.166666666666667,0.8,0.2,0.0,0.0,-1.0,1.0,0.0,0.0,Desire,0.0,1.0,0.0,0.0,0.0,0.0,0.0,0.0,1,0,0,0,0,0,0,0,0,0,0,0,0,0,0,0,0,0,0,0,1,0,0,0,0,0,0,0,0,0,0,0,0,0,0,0,0,0,184,0.0,0.0,southern europe and portuguese heritage
Malaysia,https://open.spotify.com/track/5xhJmd0I15jFcEdqxfCzKk,530.6,it wont kill ya,The Chainsmokers - Louane,album,dance pop,16931568.0,False,Memories...Do Not Open,2017-04-07,7,12,0.5720000000000001,0.53,6,-8.521,0,0.0654,0.0647,0.000169,0.127,0.12,170.138,217613,4,pop,1314.0,1.0,1,0,1,0,0,0,0,0,0,0,0,0,0,0,0,0,0,0,0,1,0,0,0,0,0,0,-1.0,-1.0,-1.0,-1.0,-2.0,-1.0,-7.0,-3.0,0.0,1.0,0.0,1.0,1.0,2.0,0.0,1.0,4.0,1.0,274.0,0.0,0.00364963503649635,0.0,0.00364963503649635,0.00364963503649635,0.0072992700729927,0.0,0.00364963503649635,0.0145985401459854,0.00364963503649635,0.0,0.166666666666667,0.0,0.166666666666667,0.166666666666667,0.33333333333333304,0.0,0.166666666666667,0.8,0.2,0.0,0.0,-1.0,1.0,0.0,0.0,Desire,0.0,1.0,0.0,0.0,0.0,0.0,0.0,0.0,1,0,0,0,0,0,0,0,0,0,0,0,0,0,0,0,0,0,0,0,0,1,0,0,0,0,0,0,0,0,0,0,0,0,0,0,0,0,58,0.0,0.0,english speaking and nordic
Netherlands,https://open.spotify.com/track/5xhJmd0I15jFcEdqxfCzKk,50.40000000000001,it wont kill ya,The Chainsmokers - Louane,album,dance pop,16931568.0,False,Memories...Do Not Open,2017-04-07,7,12,0.5720000000000001,0.53,6,-8.521,0,0.0654,0.0647,0.000169,0.127,0.12,170.138,217613,4,pop,1314.0,1.0,1,0,1,0,0,0,0,0,0,0,0,0,0,0,0,0,0,0,0,1,0,0,0,0,0,0,-1.0,-1.0,-1.0,-1.0,-2.0,-1.0,-7.0,-3.0,0.0,1.0,0.0,1.0,1.0,2.0,0.0,1.0,4.0,1.0,274.0,0.0,0.00364963503649635,0.0,0.00364963503649635,0.00364963503649635,0.0072992700729927,0.0,0.00364963503649635,0.0145985401459854,0.00364963503649635,0.0,0.166666666666667,0.0,0.166666666666667,0.166666666666667,0.33333333333333304,0.0,0.166666666666667,0.8,0.2,0.0,0.0,-1.0,1.0,0.0,0.0,Desire,0.0,1.0,0.0,0.0,0.0,0.0,0.0,0.0,1,0,0,0,0,0,0,0,0,0,0,0,0,0,0,0,0,0,0,0,0,0,0,1,0,0,0,0,0,0,0,0,0,0,0,0,0,0,157,0.0,0.0,english speaking and nordic
Norway,https://open.spotify.com/track/5xhJmd0I15jFcEdqxfCzKk,63.2,it wont kill ya,The Chainsmokers - Louane,album,dance pop,16931568.0,False,Memories...Do Not Open,2017-04-07,7,12,0.5720000000000001,0.53,6,-8.521,0,0.0654,0.0647,0.000169,0.127,0.12,170.138,217613,4,pop,1314.0,1.0,1,0,1,0,0,0,0,0,0,0,0,0,0,0,0,0,0,0,0,1,0,0,0,0,0,0,-1.0,-1.0,-1.0,-1.0,-2.0,-1.0,-7.0,-3.0,0.0,1.0,0.0,1.0,1.0,2.0,0.0,1.0,4.0,1.0,274.0,0.0,0.00364963503649635,0.0,0.00364963503649635,0.00364963503649635,0.0072992700729927,0.0,0.00364963503649635,0.0145985401459854,0.00364963503649635,0.0,0.166666666666667,0.0,0.166666666666667,0.166666666666667,0.33333333333333304,0.0,0.166666666666667,0.8,0.2,0.0,0.0,-1.0,1.0,0.0,0.0,Desire,0.0,1.0,0.0,0.0,0.0,0.0,0.0,0.0,1,0,0,0,0,0,0,0,0,0,0,0,0,0,0,0,0,0,0,0,0,0,0,0,0,1,0,0,0,0,0,0,0,0,0,0,0,0,122,0.0,0.0,english speaking and nordic
New Zealand,https://open.spotify.com/track/5xhJmd0I15jFcEdqxfCzKk,30.4,it wont kill ya,The Chainsmokers - Louane,album,dance pop,16931568.0,False,Memories...Do Not Open,2017-04-07,7,12,0.5720000000000001,0.53,6,-8.521,0,0.0654,0.0647,0.000169,0.127,0.12,170.138,217613,4,pop,1314.0,1.0,1,0,1,0,0,0,0,0,0,0,0,0,0,0,0,0,0,0,0,1,0,0,0,0,0,0,-1.0,-1.0,-1.0,-1.0,-2.0,-1.0,-7.0,-3.0,0.0,1.0,0.0,1.0,1.0,2.0,0.0,1.0,4.0,1.0,274.0,0.0,0.00364963503649635,0.0,0.00364963503649635,0.00364963503649635,0.0072992700729927,0.0,0.00364963503649635,0.0145985401459854,0.00364963503649635,0.0,0.166666666666667,0.0,0.166666666666667,0.166666666666667,0.33333333333333304,0.0,0.166666666666667,0.8,0.2,0.0,0.0,-1.0,1.0,0.0,0.0,Desire,0.0,1.0,0.0,0.0,0.0,0.0,0.0,0.0,1,0,0,0,0,0,0,0,0,0,0,0,0,0,0,0,0,0,0,0,0,0,0,0,1,0,0,0,0,0,0,0,0,0,0,0,0,0,182,0.0,0.0,english speaking and nordic
Philippines,https://open.spotify.com/track/5xhJmd0I15jFcEdqxfCzKk,93.6,it wont kill ya,The Chainsmokers - Louane,album,dance pop,16931568.0,False,Memories...Do Not Open,2017-04-07,7,12,0.5720000000000001,0.53,6,-8.521,0,0.0654,0.0647,0.000169,0.127,0.12,170.138,217613,4,pop,1314.0,1.0,1,0,1,0,0,0,0,0,0,0,0,0,0,0,0,0,0,0,0,1,0,0,0,0,0,0,-1.0,-1.0,-1.0,-1.0,-2.0,-1.0,-7.0,-3.0,0.0,1.0,0.0,1.0,1.0,2.0,0.0,1.0,4.0,1.0,274.0,0.0,0.00364963503649635,0.0,0.00364963503649635,0.00364963503649635,0.0072992700729927,0.0,0.00364963503649635,0.0145985401459854,0.00364963503649635,0.0,0.166666666666667,0.0,0.166666666666667,0.166666666666667,0.33333333333333304,0.0,0.166666666666667,0.8,0.2,0.0,0.0,-1.0,1.0,0.0,0.0,Desire,0.0,1.0,0.0,0.0,0.0,0.0,0.0,0.0,1,0,0,0,0,0,0,0,0,0,0,0,0,0,0,0,0,0,0,0,0,0,0,0,0,0,0,1,0,0,0,0,0,0,0,0,0,0,141,0.0,0.0,southern europe and portuguese heritage
Poland,https://open.spotify.com/track/5xhJmd0I15jFcEdqxfCzKk,145.9,it wont kill ya,The Chainsmokers - Louane,album,dance pop,16931568.0,False,Memories...Do Not Open,2017-04-07,7,12,0.5720000000000001,0.53,6,-8.521,0,0.0654,0.0647,0.000169,0.127,0.12,170.138,217613,4,pop,1314.0,1.0,1,0,1,0,0,0,0,0,0,0,0,0,0,0,0,0,0,0,0,1,0,0,0,0,0,0,-1.0,-1.0,-1.0,-1.0,-2.0,-1.0,-7.0,-3.0,0.0,1.0,0.0,1.0,1.0,2.0,0.0,1.0,4.0,1.0,274.0,0.0,0.00364963503649635,0.0,0.00364963503649635,0.00364963503649635,0.0072992700729927,0.0,0.00364963503649635,0.0145985401459854,0.00364963503649635,0.0,0.166666666666667,0.0,0.166666666666667,0.166666666666667,0.33333333333333304,0.0,0.166666666666667,0.8,0.2,0.0,0.0,-1.0,1.0,0.0,0.0,Desire,0.0,1.0,0.0,0.0,0.0,0.0,0.0,0.0,1,0,0,0,0,0,0,0,0,0,0,0,0,0,0,0,0,0,0,0,0,0,0,0,0,0,0,0,1,0,0,0,0,0,0,0,0,0,99,0.0,0.0,english speaking and nordic
Sweden,https://open.spotify.com/track/5xhJmd0I15jFcEdqxfCzKk,187.85,it wont kill ya,The Chainsmokers - Louane,album,dance pop,16931568.0,False,Memories...Do Not Open,2017-04-07,7,12,0.5720000000000001,0.53,6,-8.521,0,0.0654,0.0647,0.000169,0.127,0.12,170.138,217613,4,pop,1314.0,1.0,1,0,1,0,0,0,0,0,0,0,0,0,0,0,0,0,0,0,0,1,0,0,0,0,0,0,-1.0,-1.0,-1.0,-1.0,-2.0,-1.0,-7.0,-3.0,0.0,1.0,0.0,1.0,1.0,2.0,0.0,1.0,4.0,1.0,274.0,0.0,0.00364963503649635,0.0,0.00364963503649635,0.00364963503649635,0.0072992700729927,0.0,0.00364963503649635,0.0145985401459854,0.00364963503649635,0.0,0.166666666666667,0.0,0.166666666666667,0.166666666666667,0.33333333333333304,0.0,0.166666666666667,0.8,0.2,0.0,0.0,-1.0,1.0,0.0,0.0,Desire,0.0,1.0,0.0,0.0,0.0,0.0,0.0,0.0,1,0,0,0,0,0,0,0,0,0,0,0,0,0,0,0,0,0,0,0,0,0,0,0,0,0,0,0,0,0,0,0,1,0,0,0,0,0,76,0.0,0.0,english speaking and nordic
Singapore,https://open.spotify.com/track/5xhJmd0I15jFcEdqxfCzKk,914.6,it wont kill ya,The Chainsmokers - Louane,album,dance pop,16931568.0,False,Memories...Do Not Open,2017-04-07,7,12,0.5720000000000001,0.53,6,-8.521,0,0.0654,0.0647,0.000169,0.127,0.12,170.138,217613,4,pop,1314.0,1.0,1,0,1,0,0,0,0,0,0,0,0,0,0,0,0,0,0,0,0,1,0,0,0,0,0,0,-1.0,-1.0,-1.0,-1.0,-2.0,-1.0,-7.0,-3.0,0.0,1.0,0.0,1.0,1.0,2.0,0.0,1.0,4.0,1.0,274.0,0.0,0.00364963503649635,0.0,0.00364963503649635,0.00364963503649635,0.0072992700729927,0.0,0.00364963503649635,0.0145985401459854,0.00364963503649635,0.0,0.166666666666667,0.0,0.166666666666667,0.166666666666667,0.33333333333333304,0.0,0.166666666666667,0.8,0.2,0.0,0.0,-1.0,1.0,0.0,0.0,Desire,0.0,1.0,0.0,0.0,0.0,0.0,0.0,0.0,1,0,0,0,0,0,0,0,0,0,0,0,0,0,0,0,0,0,0,0,0,0,0,0,0,0,0,0,0,0,1,0,0,0,0,0,0,0,53,0.0,0.0,english speaking and nordic
Taiwan,https://open.spotify.com/track/5xhJmd0I15jFcEdqxfCzKk,1038.6999999999996,it wont kill ya,The Chainsmokers - Louane,album,dance pop,16931568.0,False,Memories...Do Not Open,2017-04-07,7,12,0.5720000000000001,0.53,6,-8.521,0,0.0654,0.0647,0.000169,0.127,0.12,170.138,217613,4,pop,1314.0,1.0,1,0,1,0,0,0,0,0,0,0,0,0,0,0,0,0,0,0,0,1,0,0,0,0,0,0,-1.0,-1.0,-1.0,-1.0,-2.0,-1.0,-7.0,-3.0,0.0,1.0,0.0,1.0,1.0,2.0,0.0,1.0,4.0,1.0,274.0,0.0,0.00364963503649635,0.0,0.00364963503649635,0.00364963503649635,0.0072992700729927,0.0,0.00364963503649635,0.0145985401459854,0.00364963503649635,0.0,0.166666666666667,0.0,0.166666666666667,0.166666666666667,0.33333333333333304,0.0,0.166666666666667,0.8,0.2,0.0,0.0,-1.0,1.0,0.0,0.0,Desire,0.0,1.0,0.0,0.0,0.0,0.0,0.0,0.0,1,0,0,0,0,0,0,0,0,0,0,0,0,0,0,0,0,0,0,0,0,0,0,0,0,0,0,0,0,0,0,0,0,0,1,0,0,0,28,0.0,1.0,english speaking and nordic
Global,https://open.spotify.com/track/0wJJhRgdHhT93Z3iWdMB0T,56.0,hymn,Kesha,single,dance pop,5910376.0,True,Hymn,2017-08-03,1,1,0.488,0.5379999999999999,6,-4.974,1,0.076,0.147,0.0,0.305,0.38,67.03699999999999,205600,4,pop,1199.0,1.0,0,1,0,0,1,0,0,0,0,0,0,0,0,0,0,0,0,0,0,1,0,0,0,0,0,0,,,,,,,,,,,,,,,,,,,,,,,,,,,,,,,,,,,,,,,,,,,,,,,,,,,,,,,0,0,0,0,0,0,0,0,0,0,0,0,0,0,0,0,0,1,0,0,0,0,0,0,0,0,0,0,0,0,0,0,0,0,0,0,0,0,131,0.0,0.0,global
USA,https://open.spotify.com/track/0wJJhRgdHhT93Z3iWdMB0T,100.25,hymn,Kesha,single,dance pop,5910376.0,True,Hymn,2017-08-03,1,1,0.488,0.5379999999999999,6,-4.974,1,0.076,0.147,0.0,0.305,0.38,67.03699999999999,205600,4,pop,1199.0,1.0,0,1,0,0,1,0,0,0,0,0,0,0,0,0,0,0,0,0,0,1,0,0,0,0,0,0,,,,,,,,,,,,,,,,,,,,,,,,,,,,,,,,,,,,,,,,,,,,,,,,,,,,,,,0,0,0,0,0,0,0,0,0,0,0,0,0,0,0,0,0,0,0,0,0,0,0,0,0,0,0,0,0,0,0,0,0,0,0,0,0,1,100,0.0,0.0,english speaking and nordic
UK,https://open.spotify.com/track/0wJJhRgdHhT93Z3iWdMB0T,63.2,hymn,Kesha,single,dance pop,5910376.0,True,Hymn,2017-08-03,1,1,0.488,0.5379999999999999,6,-4.974,1,0.076,0.147,0.0,0.305,0.38,67.03699999999999,205600,4,pop,1199.0,1.0,0,1,0,0,1,0,0,0,0,0,0,0,0,0,0,0,0,0,0,1,0,0,0,0,0,0,,,,,,,,,,,,,,,,,,,,,,,,,,,,,,,,,,,,,,,,,,,,,,,,,,,,,,,0,0,0,0,0,0,0,0,0,0,0,0,0,0,0,0,0,0,0,0,0,0,0,0,0,0,0,0,0,0,0,0,0,0,0,0,1,0,122,0.0,0.0,english speaking and nordic
Austria,https://open.spotify.com/track/0wJJhRgdHhT93Z3iWdMB0T,79.2,hymn,Kesha,single,dance pop,5910376.0,True,Hymn,2017-08-03,1,1,0.488,0.5379999999999999,6,-4.974,1,0.076,0.147,0.0,0.305,0.38,67.03699999999999,205600,4,pop,1199.0,1.0,0,1,0,0,1,0,0,0,0,0,0,0,0,0,0,0,0,0,0,1,0,0,0,0,0,0,,,,,,,,,,,,,,,,,,,,,,,,,,,,,,,,,,,,,,,,,,,,,,,,,,,,,,,0,0,0,0,0,1,0,0,0,0,0,0,0,0,0,0,0,0,0,0,0,0,0,0,0,0,0,0,0,0,0,0,0,0,0,0,0,0,102,0.0,0.0,english speaking and nordic
Australia,https://open.spotify.com/track/0wJJhRgdHhT93Z3iWdMB0T,31.20000000000001,hymn,Kesha,single,dance pop,5910376.0,True,Hymn,2017-08-03,1,1,0.488,0.5379999999999999,6,-4.974,1,0.076,0.147,0.0,0.305,0.38,67.03699999999999,205600,4,pop,1199.0,1.0,0,1,0,0,1,0,0,0,0,0,0,0,0,0,0,0,0,0,0,1,0,0,0,0,0,0,,,,,,,,,,,,,,,,,,,,,,,,,,,,,,,,,,,,,,,,,,,,,,,,,,,,,,,0,0,0,0,1,0,0,0,0,0,0,0,0,0,0,0,0,0,0,0,0,0,0,0,0,0,0,0,0,0,0,0,0,0,0,0,0,0,162,0.0,0.0,english speaking and nordic
Belgium,https://open.spotify.com/track/0wJJhRgdHhT93Z3iWdMB0T,56.0,hymn,Kesha,single,dance pop,5910376.0,True,Hymn,2017-08-03,1,1,0.488,0.5379999999999999,6,-4.974,1,0.076,0.147,0.0,0.305,0.38,67.03699999999999,205600,4,pop,1199.0,1.0,0,1,0,0,1,0,0,0,0,0,0,0,0,0,0,0,0,0,0,1,0,0,0,0,0,0,,,,,,,,,,,,,,,,,,,,,,,,,,,,,,,,,,,,,,,,,,,,,,,,,,,,,,,0,0,0,0,0,0,1,0,0,0,0,0,0,0,0,0,0,0,0,0,0,0,0,0,0,0,0,0,0,0,0,0,0,0,0,0,0,0,131,0.0,0.0,english speaking and nordic
Switzerland,https://open.spotify.com/track/0wJJhRgdHhT93Z3iWdMB0T,78.4,hymn,Kesha,single,dance pop,5910376.0,True,Hymn,2017-08-03,1,1,0.488,0.5379999999999999,6,-4.974,1,0.076,0.147,0.0,0.305,0.38,67.03699999999999,205600,4,pop,1199.0,1.0,0,1,0,0,1,0,0,0,0,0,0,0,0,0,0,0,0,0,0,1,0,0,0,0,0,0,,,,,,,,,,,,,,,,,,,,,,,,,,,,,,,,,,,,,,,,,,,,,,,,,,,,,,,0,0,0,0,0,0,0,0,0,0,0,0,0,0,0,0,0,0,0,0,0,0,0,0,0,0,0,0,0,0,0,0,0,1,0,0,0,0,103,0.0,0.0,english speaking and nordic
Spain,https://open.spotify.com/track/0wJJhRgdHhT93Z3iWdMB0T,4.0,hymn,Kesha,single,dance pop,5910376.0,True,Hymn,2017-08-03,1,1,0.488,0.5379999999999999,6,-4.974,1,0.076,0.147,0.0,0.305,0.38,67.03699999999999,205600,4,pop,1199.0,1.0,0,1,0,0,1,0,0,0,0,0,0,0,0,0,0,0,0,0,0,1,0,0,0,0,0,0,,,,,,,,,,,,,,,,,,,,,,,,,,,,,,,,,,,,,,,,,,,,,,,,,,,,,,,0,0,0,0,0,0,0,0,0,0,0,0,0,0,0,0,0,0,0,0,0,0,0,0,0,0,0,0,0,0,0,1,0,0,0,0,0,0,196,0.0,0.0,spanish speaking
Indonesia,https://open.spotify.com/track/0wJJhRgdHhT93Z3iWdMB0T,61.6,hymn,Kesha,single,dance pop,5910376.0,True,Hymn,2017-08-03,1,1,0.488,0.5379999999999999,6,-4.974,1,0.076,0.147,0.0,0.305,0.38,67.03699999999999,205600,4,pop,1199.0,1.0,0,1,0,0,1,0,0,0,0,0,0,0,0,0,0,0,0,0,0,1,0,0,0,0,0,0,,,,,,,,,,,,,,,,,,,,,,,,,,,,,,,,,,,,,,,,,,,,,,,,,,,,,,,0,0,0,0,0,0,0,0,0,0,0,0,0,0,0,0,0,0,1,0,0,0,0,0,0,0,0,0,0,0,0,0,0,0,0,0,0,0,124,0.0,0.0,southern europe and portuguese heritage
Ireland,https://open.spotify.com/track/0wJJhRgdHhT93Z3iWdMB0T,67.2,hymn,Kesha,single,dance pop,5910376.0,True,Hymn,2017-08-03,1,1,0.488,0.5379999999999999,6,-4.974,1,0.076,0.147,0.0,0.305,0.38,67.03699999999999,205600,4,pop,1199.0,1.0,0,1,0,0,1,0,0,0,0,0,0,0,0,0,0,0,0,0,0,1,0,0,0,0,0,0,,,,,,,,,,,,,,,,,,,,,,,,,,,,,,,,,,,,,,,,,,,,,,,,,,,,,,,0,0,0,0,0,0,0,0,0,0,0,0,0,0,0,0,0,0,0,1,0,0,0,0,0,0,0,0,0,0,0,0,0,0,0,0,0,0,117,0.0,0.0,english speaking and nordic
Italy,https://open.spotify.com/track/0wJJhRgdHhT93Z3iWdMB0T,5.6000000000000005,hymn,Kesha,single,dance pop,5910376.0,True,Hymn,2017-08-03,1,1,0.488,0.5379999999999999,6,-4.974,1,0.076,0.147,0.0,0.305,0.38,67.03699999999999,205600,4,pop,1199.0,1.0,0,1,0,0,1,0,0,0,0,0,0,0,0,0,0,0,0,0,0,1,0,0,0,0,0,0,,,,,,,,,,,,,,,,,,,,,,,,,,,,,,,,,,,,,,,,,,,,,,,,,,,,,,,0,0,0,0,0,0,0,0,0,0,0,0,0,0,0,0,0,0,0,0,1,0,0,0,0,0,0,0,0,0,0,0,0,0,0,0,0,0,194,0.0,0.0,southern europe and portuguese heritage
Malaysia,https://open.spotify.com/track/0wJJhRgdHhT93Z3iWdMB0T,60.8,hymn,Kesha,single,dance pop,5910376.0,True,Hymn,2017-08-03,1,1,0.488,0.5379999999999999,6,-4.974,1,0.076,0.147,0.0,0.305,0.38,67.03699999999999,205600,4,pop,1199.0,1.0,0,1,0,0,1,0,0,0,0,0,0,0,0,0,0,0,0,0,0,1,0,0,0,0,0,0,,,,,,,,,,,,,,,,,,,,,,,,,,,,,,,,,,,,,,,,,,,,,,,,,,,,,,,0,0,0,0,0,0,0,0,0,0,0,0,0,0,0,0,0,0,0,0,0,1,0,0,0,0,0,0,0,0,0,0,0,0,0,0,0,0,125,0.0,0.0,english speaking and nordic
Norway,https://open.spotify.com/track/0wJJhRgdHhT93Z3iWdMB0T,74.4,hymn,Kesha,single,dance pop,5910376.0,True,Hymn,2017-08-03,1,1,0.488,0.5379999999999999,6,-4.974,1,0.076,0.147,0.0,0.305,0.38,67.03699999999999,205600,4,pop,1199.0,1.0,0,1,0,0,1,0,0,0,0,0,0,0,0,0,0,0,0,0,0,1,0,0,0,0,0,0,,,,,,,,,,,,,,,,,,,,,,,,,,,,,,,,,,,,,,,,,,,,,,,,,,,,,,,0,0,0,0,0,0,0,0,0,0,0,0,0,0,0,0,0,0,0,0,0,0,0,0,0,1,0,0,0,0,0,0,0,0,0,0,0,0,108,0.0,0.0,english speaking and nordic
Poland,https://open.spotify.com/track/0wJJhRgdHhT93Z3iWdMB0T,96.9,hymn,Kesha,single,dance pop,5910376.0,True,Hymn,2017-08-03,1,1,0.488,0.5379999999999999,6,-4.974,1,0.076,0.147,0.0,0.305,0.38,67.03699999999999,205600,4,pop,1199.0,1.0,0,1,0,0,1,0,0,0,0,0,0,0,0,0,0,0,0,0,0,1,0,0,0,0,0,0,,,,,,,,,,,,,,,,,,,,,,,,,,,,,,,,,,,,,,,,,,,,,,,,,,,,,,,0,0,0,0,0,0,0,0,0,0,0,0,0,0,0,0,0,0,0,0,0,0,0,0,0,0,0,0,1,0,0,0,0,0,0,0,0,0,87,0.0,0.0,english speaking and nordic
Portugal,https://open.spotify.com/track/0wJJhRgdHhT93Z3iWdMB0T,8.8,hymn,Kesha,single,dance pop,5910376.0,True,Hymn,2017-08-03,1,1,0.488,0.5379999999999999,6,-4.974,1,0.076,0.147,0.0,0.305,0.38,67.03699999999999,205600,4,pop,1199.0,1.0,0,1,0,0,1,0,0,0,0,0,0,0,0,0,0,0,0,0,0,1,0,0,0,0,0,0,,,,,,,,,,,,,,,,,,,,,,,,,,,,,,,,,,,,,,,,,,,,,,,,,,,,,,,0,0,0,0,0,0,0,0,0,0,0,0,0,0,0,0,0,0,0,0,0,0,0,0,0,0,0,0,0,1,0,0,0,0,0,0,0,0,190,0.0,0.0,southern europe and portuguese heritage
Sweden,https://open.spotify.com/track/0wJJhRgdHhT93Z3iWdMB0T,69.60000000000001,hymn,Kesha,single,dance pop,5910376.0,True,Hymn,2017-08-03,1,1,0.488,0.5379999999999999,6,-4.974,1,0.076,0.147,0.0,0.305,0.38,67.03699999999999,205600,4,pop,1199.0,1.0,0,1,0,0,1,0,0,0,0,0,0,0,0,0,0,0,0,0,0,1,0,0,0,0,0,0,,,,,,,,,,,,,,,,,,,,,,,,,,,,,,,,,,,,,,,,,,,,,,,,,,,,,,,0,0,0,0,0,0,0,0,0,0,0,0,0,0,0,0,0,0,0,0,0,0,0,0,0,0,0,0,0,0,0,0,1,0,0,0,0,0,114,0.0,0.0,english speaking and nordic
Singapore,https://open.spotify.com/track/0wJJhRgdHhT93Z3iWdMB0T,45.6,hymn,Kesha,single,dance pop,5910376.0,True,Hymn,2017-08-03,1,1,0.488,0.5379999999999999,6,-4.974,1,0.076,0.147,0.0,0.305,0.38,67.03699999999999,205600,4,pop,1199.0,1.0,0,1,0,0,1,0,0,0,0,0,0,0,0,0,0,0,0,0,0,1,0,0,0,0,0,0,,,,,,,,,,,,,,,,,,,,,,,,,,,,,,,,,,,,,,,,,,,,,,,,,,,,,,,0,0,0,0,0,0,0,0,0,0,0,0,0,0,0,0,0,0,0,0,0,0,0,0,0,0,0,0,0,0,1,0,0,0,0,0,0,0,144,0.0,0.0,english speaking and nordic
Turkey,https://open.spotify.com/track/0wJJhRgdHhT93Z3iWdMB0T,70.4,hymn,Kesha,single,dance pop,5910376.0,True,Hymn,2017-08-03,1,1,0.488,0.5379999999999999,6,-4.974,1,0.076,0.147,0.0,0.305,0.38,67.03699999999999,205600,4,pop,1199.0,1.0,0,1,0,0,1,0,0,0,0,0,0,0,0,0,0,0,0,0,0,1,0,0,0,0,0,0,,,,,,,,,,,,,,,,,,,,,,,,,,,,,,,,,,,,,,,,,,,,,,,,,,,,,,,0,0,0,0,0,0,0,0,0,0,0,0,0,0,0,0,0,0,0,0,0,0,0,0,0,0,0,0,0,0,0,0,0,0,0,1,0,0,113,0.0,0.0,southern europe and portuguese heritage
Taiwan,https://open.spotify.com/track/0wJJhRgdHhT93Z3iWdMB0T,281.4,hymn,Kesha,single,dance pop,5910376.0,True,Hymn,2017-08-03,1,1,0.488,0.5379999999999999,6,-4.974,1,0.076,0.147,0.0,0.305,0.38,67.03699999999999,205600,4,pop,1199.0,1.0,0,1,0,0,1,0,0,0,0,0,0,0,0,0,0,0,0,0,0,1,0,0,0,0,0,0,,,,,,,,,,,,,,,,,,,,,,,,,,,,,,,,,,,,,,,,,,,,,,,,,,,,,,,0,0,0,0,0,0,0,0,0,0,0,0,0,0,0,0,0,0,0,0,0,0,0,0,0,0,0,0,0,0,0,0,0,0,1,0,0,0,50,0.0,1.0,english speaking and nordic
Global,https://open.spotify.com/track/6JSryEdVJTZq6YBn3wK2sn,78.4,arrows,Foo Fighters,album,alternative metal,8092392.0,False,Concrete and Gold,2017-09-15,7,11,0.515,0.917,1,-7.312,1,0.0417,0.000209,0.000476,0.145,0.409,121.988,266187,4,metal,1156.0,1.0,1,0,1,0,0,0,0,0,0,0,0,0,0,0,0,0,0,1,0,0,0,0,0,0,0,0,,,,,,,,,,,,,,,,,,,,,,,,,,,,,,,,,,,,,,,,,,,,,,,,,,,,,,,0,0,0,0,0,0,0,0,0,0,0,0,0,0,0,0,0,1,0,0,0,0,0,0,0,0,0,0,0,0,0,0,0,0,0,0,0,0,103,0.0,0.0,global
USA,https://open.spotify.com/track/6JSryEdVJTZq6YBn3wK2sn,56.0,arrows,Foo Fighters,album,alternative metal,8092392.0,False,Concrete and Gold,2017-09-15,7,11,0.515,0.917,1,-7.312,1,0.0417,0.000209,0.000476,0.145,0.409,121.988,266187,4,metal,1156.0,1.0,1,0,1,0,0,0,0,0,0,0,0,0,0,0,0,0,0,1,0,0,0,0,0,0,0,0,,,,,,,,,,,,,,,,,,,,,,,,,,,,,,,,,,,,,,,,,,,,,,,,,,,,,,,0,0,0,0,0,0,0,0,0,0,0,0,0,0,0,0,0,0,0,0,0,0,0,0,0,0,0,0,0,0,0,0,0,0,0,0,0,1,131,0.0,0.0,english speaking and nordic
UK,https://open.spotify.com/track/6JSryEdVJTZq6YBn3wK2sn,163.8,arrows,Foo Fighters,album,alternative metal,8092392.0,False,Concrete and Gold,2017-09-15,7,11,0.515,0.917,1,-7.312,1,0.0417,0.000209,0.000476,0.145,0.409,121.988,266187,4,metal,1156.0,1.0,1,0,1,0,0,0,0,0,0,0,0,0,0,0,0,0,0,1,0,0,0,0,0,0,0,0,,,,,,,,,,,,,,,,,,,,,,,,,,,,,,,,,,,,,,,,,,,,,,,,,,,,,,,0,0,0,0,0,0,0,0,0,0,0,0,0,0,0,0,0,0,0,0,0,0,0,0,0,0,0,0,0,0,0,0,0,0,0,0,1,0,61,0.0,0.0,english speaking and nordic
Austria,https://open.spotify.com/track/6JSryEdVJTZq6YBn3wK2sn,102.85,arrows,Foo Fighters,album,alternative metal,8092392.0,False,Concrete and Gold,2017-09-15,7,11,0.515,0.917,1,-7.312,1,0.0417,0.000209,0.000476,0.145,0.409,121.988,266187,4,metal,1156.0,1.0,1,0,1,0,0,0,0,0,0,0,0,0,0,0,0,0,0,1,0,0,0,0,0,0,0,0,,,,,,,,,,,,,,,,,,,,,,,,,,,,,,,,,,,,,,,,,,,,,,,,,,,,,,,0,0,0,0,0,1,0,0,0,0,0,0,0,0,0,0,0,0,0,0,0,0,0,0,0,0,0,0,0,0,0,0,0,0,0,0,0,0,80,0.0,0.0,english speaking and nordic
Australia,https://open.spotify.com/track/6JSryEdVJTZq6YBn3wK2sn,35.2,arrows,Foo Fighters,album,alternative metal,8092392.0,False,Concrete and Gold,2017-09-15,7,11,0.515,0.917,1,-7.312,1,0.0417,0.000209,0.000476,0.145,0.409,121.988,266187,4,metal,1156.0,1.0,1,0,1,0,0,0,0,0,0,0,0,0,0,0,0,0,0,1,0,0,0,0,0,0,0,0,,,,,,,,,,,,,,,,,,,,,,,,,,,,,,,,,,,,,,,,,,,,,,,,,,,,,,,0,0,0,0,1,0,0,0,0,0,0,0,0,0,0,0,0,0,0,0,0,0,0,0,0,0,0,0,0,0,0,0,0,0,0,0,0,0,157,0.0,0.0,english speaking and nordic
Belgium,https://open.spotify.com/track/6JSryEdVJTZq6YBn3wK2sn,92.65,arrows,Foo Fighters,album,alternative metal,8092392.0,False,Concrete and Gold,2017-09-15,7,11,0.515,0.917,1,-7.312,1,0.0417,0.000209,0.000476,0.145,0.409,121.988,266187,4,metal,1156.0,1.0,1,0,1,0,0,0,0,0,0,0,0,0,0,0,0,0,0,1,0,0,0,0,0,0,0,0,,,,,,,,,,,,,,,,,,,,,,,,,,,,,,,,,,,,,,,,,,,,,,,,,,,,,,,0,0,0,0,0,0,1,0,0,0,0,0,0,0,0,0,0,0,0,0,0,0,0,0,0,0,0,0,0,0,0,0,0,0,0,0,0,0,92,0.0,0.0,english speaking and nordic
Brazil,https://open.spotify.com/track/6JSryEdVJTZq6YBn3wK2sn,15.2,arrows,Foo Fighters,album,alternative metal,8092392.0,False,Concrete and Gold,2017-09-15,7,11,0.515,0.917,1,-7.312,1,0.0417,0.000209,0.000476,0.145,0.409,121.988,266187,4,metal,1156.0,1.0,1,0,1,0,0,0,0,0,0,0,0,0,0,0,0,0,0,1,0,0,0,0,0,0,0,0,,,,,,,,,,,,,,,,,,,,,,,,,,,,,,,,,,,,,,,,,,,,,,,,,,,,,,,0,0,0,0,0,0,0,1,0,0,0,0,0,0,0,0,0,0,0,0,0,0,0,0,0,0,0,0,0,0,0,0,0,0,0,0,0,0,182,0.0,0.0,southern europe and portuguese heritage
Canada,https://open.spotify.com/track/6JSryEdVJTZq6YBn3wK2sn,47.2,arrows,Foo Fighters,album,alternative metal,8092392.0,False,Concrete and Gold,2017-09-15,7,11,0.515,0.917,1,-7.312,1,0.0417,0.000209,0.000476,0.145,0.409,121.988,266187,4,metal,1156.0,1.0,1,0,1,0,0,0,0,0,0,0,0,0,0,0,0,0,0,1,0,0,0,0,0,0,0,0,,,,,,,,,,,,,,,,,,,,,,,,,,,,,,,,,,,,,,,,,,,,,,,,,,,,,,,0,0,0,0,0,0,0,0,1,0,0,0,0,0,0,0,0,0,0,0,0,0,0,0,0,0,0,0,0,0,0,0,0,0,0,0,0,0,142,0.0,0.0,english speaking and nordic
Switzerland,https://open.spotify.com/track/6JSryEdVJTZq6YBn3wK2sn,33.6,arrows,Foo Fighters,album,alternative metal,8092392.0,False,Concrete and Gold,2017-09-15,7,11,0.515,0.917,1,-7.312,1,0.0417,0.000209,0.000476,0.145,0.409,121.988,266187,4,metal,1156.0,1.0,1,0,1,0,0,0,0,0,0,0,0,0,0,0,0,0,0,1,0,0,0,0,0,0,0,0,,,,,,,,,,,,,,,,,,,,,,,,,,,,,,,,,,,,,,,,,,,,,,,,,,,,,,,0,0,0,0,0,0,0,0,0,0,0,0,0,0,0,0,0,0,0,0,0,0,0,0,0,0,0,0,0,0,0,0,0,1,0,0,0,0,159,0.0,0.0,english speaking and nordic
Colombia,https://open.spotify.com/track/6JSryEdVJTZq6YBn3wK2sn,45.6,arrows,Foo Fighters,album,alternative metal,8092392.0,False,Concrete and Gold,2017-09-15,7,11,0.515,0.917,1,-7.312,1,0.0417,0.000209,0.000476,0.145,0.409,121.988,266187,4,metal,1156.0,1.0,1,0,1,0,0,0,0,0,0,0,0,0,0,0,0,0,0,1,0,0,0,0,0,0,0,0,,,,,,,,,,,,,,,,,,,,,,,,,,,,,,,,,,,,,,,,,,,,,,,,,,,,,,,0,0,0,0,0,0,0,0,0,0,1,0,0,0,0,0,0,0,0,0,0,0,0,0,0,0,0,0,0,0,0,0,0,0,0,0,0,0,144,0.0,0.0,spanish speaking
Spain,https://open.spotify.com/track/6JSryEdVJTZq6YBn3wK2sn,37.6,arrows,Foo Fighters,album,alternative metal,8092392.0,False,Concrete and Gold,2017-09-15,7,11,0.515,0.917,1,-7.312,1,0.0417,0.000209,0.000476,0.145,0.409,121.988,266187,4,metal,1156.0,1.0,1,0,1,0,0,0,0,0,0,0,0,0,0,0,0,0,0,1,0,0,0,0,0,0,0,0,,,,,,,,,,,,,,,,,,,,,,,,,,,,,,,,,,,,,,,,,,,,,,,,,,,,,,,0,0,0,0,0,0,0,0,0,0,0,0,0,0,0,0,0,0,0,0,0,0,0,0,0,0,0,0,0,0,0,1,0,0,0,0,0,0,154,0.0,0.0,spanish speaking
Finland,https://open.spotify.com/track/6JSryEdVJTZq6YBn3wK2sn,47.2,arrows,Foo Fighters,album,alternative metal,8092392.0,False,Concrete and Gold,2017-09-15,7,11,0.515,0.917,1,-7.312,1,0.0417,0.000209,0.000476,0.145,0.409,121.988,266187,4,metal,1156.0,1.0,1,0,1,0,0,0,0,0,0,0,0,0,0,0,0,0,0,1,0,0,0,0,0,0,0,0,,,,,,,,,,,,,,,,,,,,,,,,,,,,,,,,,,,,,,,,,,,,,,,,,,,,,,,0,0,0,0,0,0,0,0,0,0,0,0,0,0,1,0,0,0,0,0,0,0,0,0,0,0,0,0,0,0,0,0,0,0,0,0,0,0,142,0.0,0.0,english speaking and nordic
Ireland,https://open.spotify.com/track/6JSryEdVJTZq6YBn3wK2sn,101.15,arrows,Foo Fighters,album,alternative metal,8092392.0,False,Concrete and Gold,2017-09-15,7,11,0.515,0.917,1,-7.312,1,0.0417,0.000209,0.000476,0.145,0.409,121.988,266187,4,metal,1156.0,1.0,1,0,1,0,0,0,0,0,0,0,0,0,0,0,0,0,0,1,0,0,0,0,0,0,0,0,,,,,,,,,,,,,,,,,,,,,,,,,,,,,,,,,,,,,,,,,,,,,,,,,,,,,,,0,0,0,0,0,0,0,0,0,0,0,0,0,0,0,0,0,0,0,1,0,0,0,0,0,0,0,0,0,0,0,0,0,0,0,0,0,0,82,0.0,0.0,english speaking and nordic
Italy,https://open.spotify.com/track/6JSryEdVJTZq6YBn3wK2sn,20.8,arrows,Foo Fighters,album,alternative metal,8092392.0,False,Concrete and Gold,2017-09-15,7,11,0.515,0.917,1,-7.312,1,0.0417,0.000209,0.000476,0.145,0.409,121.988,266187,4,metal,1156.0,1.0,1,0,1,0,0,0,0,0,0,0,0,0,0,0,0,0,0,1,0,0,0,0,0,0,0,0,,,,,,,,,,,,,,,,,,,,,,,,,,,,,,,,,,,,,,,,,,,,,,,,,,,,,,,0,0,0,0,0,0,0,0,0,0,0,0,0,0,0,0,0,0,0,0,1,0,0,0,0,0,0,0,0,0,0,0,0,0,0,0,0,0,175,0.0,0.0,southern europe and portuguese heritage
Malaysia,https://open.spotify.com/track/6JSryEdVJTZq6YBn3wK2sn,4.800000000000002,arrows,Foo Fighters,album,alternative metal,8092392.0,False,Concrete and Gold,2017-09-15,7,11,0.515,0.917,1,-7.312,1,0.0417,0.000209,0.000476,0.145,0.409,121.988,266187,4,metal,1156.0,1.0,1,0,1,0,0,0,0,0,0,0,0,0,0,0,0,0,0,1,0,0,0,0,0,0,0,0,,,,,,,,,,,,,,,,,,,,,,,,,,,,,,,,,,,,,,,,,,,,,,,,,,,,,,,0,0,0,0,0,0,0,0,0,0,0,0,0,0,0,0,0,0,0,0,0,1,0,0,0,0,0,0,0,0,0,0,0,0,0,0,0,0,195,0.0,0.0,english speaking and nordic
Netherlands,https://open.spotify.com/track/6JSryEdVJTZq6YBn3wK2sn,29.6,arrows,Foo Fighters,album,alternative metal,8092392.0,False,Concrete and Gold,2017-09-15,7,11,0.515,0.917,1,-7.312,1,0.0417,0.000209,0.000476,0.145,0.409,121.988,266187,4,metal,1156.0,1.0,1,0,1,0,0,0,0,0,0,0,0,0,0,0,0,0,0,1,0,0,0,0,0,0,0,0,,,,,,,,,,,,,,,,,,,,,,,,,,,,,,,,,,,,,,,,,,,,,,,,,,,,,,,0,0,0,0,0,0,0,0,0,0,0,0,0,0,0,0,0,0,0,0,0,0,0,1,0,0,0,0,0,0,0,0,0,0,0,0,0,0,164,0.0,0.0,english speaking and nordic
Norway,https://open.spotify.com/track/6JSryEdVJTZq6YBn3wK2sn,78.4,arrows,Foo Fighters,album,alternative metal,8092392.0,False,Concrete and Gold,2017-09-15,7,11,0.515,0.917,1,-7.312,1,0.0417,0.000209,0.000476,0.145,0.409,121.988,266187,4,metal,1156.0,1.0,1,0,1,0,0,0,0,0,0,0,0,0,0,0,0,0,0,1,0,0,0,0,0,0,0,0,,,,,,,,,,,,,,,,,,,,,,,,,,,,,,,,,,,,,,,,,,,,,,,,,,,,,,,0,0,0,0,0,0,0,0,0,0,0,0,0,0,0,0,0,0,0,0,0,0,0,0,0,1,0,0,0,0,0,0,0,0,0,0,0,0,103,0.0,0.0,english speaking and nordic
New Zealand,https://open.spotify.com/track/6JSryEdVJTZq6YBn3wK2sn,64.0,arrows,Foo Fighters,album,alternative metal,8092392.0,False,Concrete and Gold,2017-09-15,7,11,0.515,0.917,1,-7.312,1,0.0417,0.000209,0.000476,0.145,0.409,121.988,266187,4,metal,1156.0,1.0,1,0,1,0,0,0,0,0,0,0,0,0,0,0,0,0,0,1,0,0,0,0,0,0,0,0,,,,,,,,,,,,,,,,,,,,,,,,,,,,,,,,,,,,,,,,,,,,,,,,,,,,,,,0,0,0,0,0,0,0,0,0,0,0,0,0,0,0,0,0,0,0,0,0,0,0,0,1,0,0,0,0,0,0,0,0,0,0,0,0,0,121,0.0,0.0,english speaking and nordic
Poland,https://open.spotify.com/track/6JSryEdVJTZq6YBn3wK2sn,146.85,arrows,Foo Fighters,album,alternative metal,8092392.0,False,Concrete and Gold,2017-09-15,7,11,0.515,0.917,1,-7.312,1,0.0417,0.000209,0.000476,0.145,0.409,121.988,266187,4,metal,1156.0,1.0,1,0,1,0,0,0,0,0,0,0,0,0,0,0,0,0,0,1,0,0,0,0,0,0,0,0,,,,,,,,,,,,,,,,,,,,,,,,,,,,,,,,,,,,,,,,,,,,,,,,,,,,,,,0,0,0,0,0,0,0,0,0,0,0,0,0,0,0,0,0,0,0,0,0,0,0,0,0,0,0,0,1,0,0,0,0,0,0,0,0,0,64,0.0,0.0,english speaking and nordic
Portugal,https://open.spotify.com/track/6JSryEdVJTZq6YBn3wK2sn,360.85,arrows,Foo Fighters,album,alternative metal,8092392.0,False,Concrete and Gold,2017-09-15,7,11,0.515,0.917,1,-7.312,1,0.0417,0.000209,0.000476,0.145,0.409,121.988,266187,4,metal,1156.0,1.0,1,0,1,0,0,0,0,0,0,0,0,0,0,0,0,0,0,1,0,0,0,0,0,0,0,0,,,,,,,,,,,,,,,,,,,,,,,,,,,,,,,,,,,,,,,,,,,,,,,,,,,,,,,0,0,0,0,0,0,0,0,0,0,0,0,0,0,0,0,0,0,0,0,0,0,0,0,0,0,0,0,0,1,0,0,0,0,0,0,0,0,63,0.0,0.0,southern europe and portuguese heritage
Sweden,https://open.spotify.com/track/6JSryEdVJTZq6YBn3wK2sn,139.85,arrows,Foo Fighters,album,alternative metal,8092392.0,False,Concrete and Gold,2017-09-15,7,11,0.515,0.917,1,-7.312,1,0.0417,0.000209,0.000476,0.145,0.409,121.988,266187,4,metal,1156.0,1.0,1,0,1,0,0,0,0,0,0,0,0,0,0,0,0,0,0,1,0,0,0,0,0,0,0,0,,,,,,,,,,,,,,,,,,,,,,,,,,,,,,,,,,,,,,,,,,,,,,,,,,,,,,,0,0,0,0,0,0,0,0,0,0,0,0,0,0,0,0,0,0,0,0,0,0,0,0,0,0,0,0,0,0,0,0,1,0,0,0,0,0,60,0.0,0.0,english speaking and nordic
Taiwan,https://open.spotify.com/track/6JSryEdVJTZq6YBn3wK2sn,89.25,arrows,Foo Fighters,album,alternative metal,8092392.0,False,Concrete and Gold,2017-09-15,7,11,0.515,0.917,1,-7.312,1,0.0417,0.000209,0.000476,0.145,0.409,121.988,266187,4,metal,1156.0,1.0,1,0,1,0,0,0,0,0,0,0,0,0,0,0,0,0,0,1,0,0,0,0,0,0,0,0,,,,,,,,,,,,,,,,,,,,,,,,,,,,,,,,,,,,,,,,,,,,,,,,,,,,,,,0,0,0,0,0,0,0,0,0,0,0,0,0,0,0,0,0,0,0,0,0,0,0,0,0,0,0,0,0,0,0,0,0,0,1,0,0,0,96,0.0,0.0,english speaking and nordic
Global,https://open.spotify.com/track/7nAfXgeHfDO50upcOjJOaq,244.95,talking to myself,Linkin Park,album,alternative metal,17132813.0,False,One More Light,2017-05-19,3,10,0.593,0.7120000000000001,2,-6.325,0,0.0286,0.00184,0.0,0.128,0.473,124.013,231307,4,metal,1272.0,1.0,1,0,1,0,0,0,0,0,0,0,0,0,0,0,0,0,0,1,0,0,0,0,0,0,0,0,1.0,0.0,-1.0,0.0,1.1,0.0,-3.0,0.0,1.0,1.0,0.0,0.0,0.0,2.0,1.0,1.0,3.0,3.0,254.0,0.00393700787401575,0.00393700787401575,0.0,0.0,0.0,0.0078740157480315,0.00393700787401575,0.00393700787401575,0.0118110236220472,0.0118110236220472,0.166666666666667,0.166666666666667,0.0,0.0,0.0,0.33333333333333304,0.166666666666667,0.166666666666667,0.5,0.5,0.0,10.0,-1.0,1.0,0.0,0.0,Hope,0.0,0.0,0.0,0.0,1.0,0.0,0.0,0.0,0,1,0,0,0,0,0,0,0,0,0,0,0,0,0,0,0,1,0,0,0,0,0,0,0,0,0,0,0,0,0,0,0,0,0,0,0,0,86,0.0,0.0,global
USA,https://open.spotify.com/track/7nAfXgeHfDO50upcOjJOaq,62.40000000000001,talking to myself,Linkin Park,album,alternative metal,17132813.0,False,One More Light,2017-05-19,3,10,0.593,0.7120000000000001,2,-6.325,0,0.0286,0.00184,0.0,0.128,0.473,124.013,231307,4,metal,1272.0,1.0,1,0,1,0,0,0,0,0,0,0,0,0,0,0,0,0,0,1,0,0,0,0,0,0,0,0,1.0,0.0,-1.0,0.0,1.1,0.0,-3.0,0.0,1.0,1.0,0.0,0.0,0.0,2.0,1.0,1.0,3.0,3.0,254.0,0.00393700787401575,0.00393700787401575,0.0,0.0,0.0,0.0078740157480315,0.00393700787401575,0.00393700787401575,0.0118110236220472,0.0118110236220472,0.166666666666667,0.166666666666667,0.0,0.0,0.0,0.33333333333333304,0.166666666666667,0.166666666666667,0.5,0.5,0.0,10.0,-1.0,1.0,0.0,0.0,Hope,0.0,0.0,0.0,0.0,1.0,0.0,0.0,0.0,0,1,0,0,0,0,0,0,0,0,0,0,0,0,0,0,0,0,0,0,0,0,0,0,0,0,0,0,0,0,0,0,0,0,0,0,0,1,123,0.0,0.0,english speaking and nordic
UK,https://open.spotify.com/track/7nAfXgeHfDO50upcOjJOaq,72.8,talking to myself,Linkin Park,album,alternative metal,17132813.0,False,One More Light,2017-05-19,3,10,0.593,0.7120000000000001,2,-6.325,0,0.0286,0.00184,0.0,0.128,0.473,124.013,231307,4,metal,1272.0,1.0,1,0,1,0,0,0,0,0,0,0,0,0,0,0,0,0,0,1,0,0,0,0,0,0,0,0,1.0,0.0,-1.0,0.0,1.1,0.0,-3.0,0.0,1.0,1.0,0.0,0.0,0.0,2.0,1.0,1.0,3.0,3.0,254.0,0.00393700787401575,0.00393700787401575,0.0,0.0,0.0,0.0078740157480315,0.00393700787401575,0.00393700787401575,0.0118110236220472,0.0118110236220472,0.166666666666667,0.166666666666667,0.0,0.0,0.0,0.33333333333333304,0.166666666666667,0.166666666666667,0.5,0.5,0.0,10.0,-1.0,1.0,0.0,0.0,Hope,0.0,0.0,0.0,0.0,1.0,0.0,0.0,0.0,0,1,0,0,0,0,0,0,0,0,0,0,0,0,0,0,0,0,0,0,0,0,0,0,0,0,0,0,0,0,0,0,0,0,0,0,1,0,110,0.0,0.0,english speaking and nordic
Austria,https://open.spotify.com/track/7nAfXgeHfDO50upcOjJOaq,1303.95,talking to myself,Linkin Park,album,alternative metal,17132813.0,False,One More Light,2017-05-19,3,10,0.593,0.7120000000000001,2,-6.325,0,0.0286,0.00184,0.0,0.128,0.473,124.013,231307,4,metal,1272.0,1.0,1,0,1,0,0,0,0,0,0,0,0,0,0,0,0,0,0,1,0,0,0,0,0,0,0,0,1.0,0.0,-1.0,0.0,1.1,0.0,-3.0,0.0,1.0,1.0,0.0,0.0,0.0,2.0,1.0,1.0,3.0,3.0,254.0,0.00393700787401575,0.00393700787401575,0.0,0.0,0.0,0.0078740157480315,0.00393700787401575,0.00393700787401575,0.0118110236220472,0.0118110236220472,0.166666666666667,0.166666666666667,0.0,0.0,0.0,0.33333333333333304,0.166666666666667,0.166666666666667,0.5,0.5,0.0,10.0,-1.0,1.0,0.0,0.0,Hope,0.0,0.0,0.0,0.0,1.0,0.0,0.0,0.0,0,1,0,0,0,1,0,0,0,0,0,0,0,0,0,0,0,0,0,0,0,0,0,0,0,0,0,0,0,0,0,0,0,0,0,0,0,0,66,0.0,0.0,english speaking and nordic
Australia,https://open.spotify.com/track/7nAfXgeHfDO50upcOjJOaq,60.8,talking to myself,Linkin Park,album,alternative metal,17132813.0,False,One More Light,2017-05-19,3,10,0.593,0.7120000000000001,2,-6.325,0,0.0286,0.00184,0.0,0.128,0.473,124.013,231307,4,metal,1272.0,1.0,1,0,1,0,0,0,0,0,0,0,0,0,0,0,0,0,0,1,0,0,0,0,0,0,0,0,1.0,0.0,-1.0,0.0,1.1,0.0,-3.0,0.0,1.0,1.0,0.0,0.0,0.0,2.0,1.0,1.0,3.0,3.0,254.0,0.00393700787401575,0.00393700787401575,0.0,0.0,0.0,0.0078740157480315,0.00393700787401575,0.00393700787401575,0.0118110236220472,0.0118110236220472,0.166666666666667,0.166666666666667,0.0,0.0,0.0,0.33333333333333304,0.166666666666667,0.166666666666667,0.5,0.5,0.0,10.0,-1.0,1.0,0.0,0.0,Hope,0.0,0.0,0.0,0.0,1.0,0.0,0.0,0.0,0,1,0,0,1,0,0,0,0,0,0,0,0,0,0,0,0,0,0,0,0,0,0,0,0,0,0,0,0,0,0,0,0,0,0,0,0,0,125,0.0,0.0,english speaking and nordic
Belgium,https://open.spotify.com/track/7nAfXgeHfDO50upcOjJOaq,281.6,talking to myself,Linkin Park,album,alternative metal,17132813.0,False,One More Light,2017-05-19,3,10,0.593,0.7120000000000001,2,-6.325,0,0.0286,0.00184,0.0,0.128,0.473,124.013,231307,4,metal,1272.0,1.0,1,0,1,0,0,0,0,0,0,0,0,0,0,0,0,0,0,1,0,0,0,0,0,0,0,0,1.0,0.0,-1.0,0.0,1.1,0.0,-3.0,0.0,1.0,1.0,0.0,0.0,0.0,2.0,1.0,1.0,3.0,3.0,254.0,0.00393700787401575,0.00393700787401575,0.0,0.0,0.0,0.0078740157480315,0.00393700787401575,0.00393700787401575,0.0118110236220472,0.0118110236220472,0.166666666666667,0.166666666666667,0.0,0.0,0.0,0.33333333333333304,0.166666666666667,0.166666666666667,0.5,0.5,0.0,10.0,-1.0,1.0,0.0,0.0,Hope,0.0,0.0,0.0,0.0,1.0,0.0,0.0,0.0,0,1,0,0,0,0,1,0,0,0,0,0,0,0,0,0,0,0,0,0,0,0,0,0,0,0,0,0,0,0,0,0,0,0,0,0,0,0,117,0.0,0.0,english speaking and nordic
Brazil,https://open.spotify.com/track/7nAfXgeHfDO50upcOjJOaq,124.0,talking to myself,Linkin Park,album,alternative metal,17132813.0,False,One More Light,2017-05-19,3,10,0.593,0.7120000000000001,2,-6.325,0,0.0286,0.00184,0.0,0.128,0.473,124.013,231307,4,metal,1272.0,1.0,1,0,1,0,0,0,0,0,0,0,0,0,0,0,0,0,0,1,0,0,0,0,0,0,0,0,1.0,0.0,-1.0,0.0,1.1,0.0,-3.0,0.0,1.0,1.0,0.0,0.0,0.0,2.0,1.0,1.0,3.0,3.0,254.0,0.00393700787401575,0.00393700787401575,0.0,0.0,0.0,0.0078740157480315,0.00393700787401575,0.00393700787401575,0.0118110236220472,0.0118110236220472,0.166666666666667,0.166666666666667,0.0,0.0,0.0,0.33333333333333304,0.166666666666667,0.166666666666667,0.5,0.5,0.0,10.0,-1.0,1.0,0.0,0.0,Hope,0.0,0.0,0.0,0.0,1.0,0.0,0.0,0.0,0,1,0,0,0,0,0,1,0,0,0,0,0,0,0,0,0,0,0,0,0,0,0,0,0,0,0,0,0,0,0,0,0,0,0,0,0,0,122,0.0,0.0,southern europe and portuguese heritage
Canada,https://open.spotify.com/track/7nAfXgeHfDO50upcOjJOaq,57.6,talking to myself,Linkin Park,album,alternative metal,17132813.0,False,One More Light,2017-05-19,3,10,0.593,0.7120000000000001,2,-6.325,0,0.0286,0.00184,0.0,0.128,0.473,124.013,231307,4,metal,1272.0,1.0,1,0,1,0,0,0,0,0,0,0,0,0,0,0,0,0,0,1,0,0,0,0,0,0,0,0,1.0,0.0,-1.0,0.0,1.1,0.0,-3.0,0.0,1.0,1.0,0.0,0.0,0.0,2.0,1.0,1.0,3.0,3.0,254.0,0.00393700787401575,0.00393700787401575,0.0,0.0,0.0,0.0078740157480315,0.00393700787401575,0.00393700787401575,0.0118110236220472,0.0118110236220472,0.166666666666667,0.166666666666667,0.0,0.0,0.0,0.33333333333333304,0.166666666666667,0.166666666666667,0.5,0.5,0.0,10.0,-1.0,1.0,0.0,0.0,Hope,0.0,0.0,0.0,0.0,1.0,0.0,0.0,0.0,0,1,0,0,0,0,0,0,1,0,0,0,0,0,0,0,0,0,0,0,0,0,0,0,0,0,0,0,0,0,0,0,0,0,0,0,0,0,129,0.0,0.0,english speaking and nordic
Switzerland,https://open.spotify.com/track/7nAfXgeHfDO50upcOjJOaq,683.55,talking to myself,Linkin Park,album,alternative metal,17132813.0,False,One More Light,2017-05-19,3,10,0.593,0.7120000000000001,2,-6.325,0,0.0286,0.00184,0.0,0.128,0.473,124.013,231307,4,metal,1272.0,1.0,1,0,1,0,0,0,0,0,0,0,0,0,0,0,0,0,0,1,0,0,0,0,0,0,0,0,1.0,0.0,-1.0,0.0,1.1,0.0,-3.0,0.0,1.0,1.0,0.0,0.0,0.0,2.0,1.0,1.0,3.0,3.0,254.0,0.00393700787401575,0.00393700787401575,0.0,0.0,0.0,0.0078740157480315,0.00393700787401575,0.00393700787401575,0.0118110236220472,0.0118110236220472,0.166666666666667,0.166666666666667,0.0,0.0,0.0,0.33333333333333304,0.166666666666667,0.166666666666667,0.5,0.5,0.0,10.0,-1.0,1.0,0.0,0.0,Hope,0.0,0.0,0.0,0.0,1.0,0.0,0.0,0.0,0,1,0,0,0,0,0,0,0,0,0,0,0,0,0,0,0,0,0,0,0,0,0,0,0,0,0,0,0,0,0,0,0,1,0,0,0,0,59,0.0,0.0,english speaking and nordic
Colombia,https://open.spotify.com/track/7nAfXgeHfDO50upcOjJOaq,64.0,talking to myself,Linkin Park,album,alternative metal,17132813.0,False,One More Light,2017-05-19,3,10,0.593,0.7120000000000001,2,-6.325,0,0.0286,0.00184,0.0,0.128,0.473,124.013,231307,4,metal,1272.0,1.0,1,0,1,0,0,0,0,0,0,0,0,0,0,0,0,0,0,1,0,0,0,0,0,0,0,0,1.0,0.0,-1.0,0.0,1.1,0.0,-3.0,0.0,1.0,1.0,0.0,0.0,0.0,2.0,1.0,1.0,3.0,3.0,254.0,0.00393700787401575,0.00393700787401575,0.0,0.0,0.0,0.0078740157480315,0.00393700787401575,0.00393700787401575,0.0118110236220472,0.0118110236220472,0.166666666666667,0.166666666666667,0.0,0.0,0.0,0.33333333333333304,0.166666666666667,0.166666666666667,0.5,0.5,0.0,10.0,-1.0,1.0,0.0,0.0,Hope,0.0,0.0,0.0,0.0,1.0,0.0,0.0,0.0,0,1,0,0,0,0,0,0,0,0,1,0,0,0,0,0,0,0,0,0,0,0,0,0,0,0,0,0,0,0,0,0,0,0,0,0,0,0,125,0.0,0.0,spanish speaking
Costa Rica,https://open.spotify.com/track/7nAfXgeHfDO50upcOjJOaq,53.6,talking to myself,Linkin Park,album,alternative metal,17132813.0,False,One More Light,2017-05-19,3,10,0.593,0.7120000000000001,2,-6.325,0,0.0286,0.00184,0.0,0.128,0.473,124.013,231307,4,metal,1272.0,1.0,1,0,1,0,0,0,0,0,0,0,0,0,0,0,0,0,0,1,0,0,0,0,0,0,0,0,1.0,0.0,-1.0,0.0,1.1,0.0,-3.0,0.0,1.0,1.0,0.0,0.0,0.0,2.0,1.0,1.0,3.0,3.0,254.0,0.00393700787401575,0.00393700787401575,0.0,0.0,0.0,0.0078740157480315,0.00393700787401575,0.00393700787401575,0.0118110236220472,0.0118110236220472,0.166666666666667,0.166666666666667,0.0,0.0,0.0,0.33333333333333304,0.166666666666667,0.166666666666667,0.5,0.5,0.0,10.0,-1.0,1.0,0.0,0.0,Hope,0.0,0.0,0.0,0.0,1.0,0.0,0.0,0.0,0,1,0,0,0,0,0,0,0,0,0,1,0,0,0,0,0,0,0,0,0,0,0,0,0,0,0,0,0,0,0,0,0,0,0,0,0,0,147,0.0,0.0,spanish speaking
Germany,https://open.spotify.com/track/7nAfXgeHfDO50upcOjJOaq,813.4,talking to myself,Linkin Park,album,alternative metal,17132813.0,False,One More Light,2017-05-19,3,10,0.593,0.7120000000000001,2,-6.325,0,0.0286,0.00184,0.0,0.128,0.473,124.013,231307,4,metal,1272.0,1.0,1,0,1,0,0,0,0,0,0,0,0,0,0,0,0,0,0,1,0,0,0,0,0,0,0,0,1.0,0.0,-1.0,0.0,1.1,0.0,-3.0,0.0,1.0,1.0,0.0,0.0,0.0,2.0,1.0,1.0,3.0,3.0,254.0,0.00393700787401575,0.00393700787401575,0.0,0.0,0.0,0.0078740157480315,0.00393700787401575,0.00393700787401575,0.0118110236220472,0.0118110236220472,0.166666666666667,0.166666666666667,0.0,0.0,0.0,0.33333333333333304,0.166666666666667,0.166666666666667,0.5,0.5,0.0,10.0,-1.0,1.0,0.0,0.0,Hope,0.0,0.0,0.0,0.0,1.0,0.0,0.0,0.0,0,1,0,0,0,0,0,0,0,0,0,0,0,0,0,0,1,0,0,0,0,0,0,0,0,0,0,0,0,0,0,0,0,0,0,0,0,0,81,0.0,0.0,english speaking and nordic
Spain,https://open.spotify.com/track/7nAfXgeHfDO50upcOjJOaq,33.6,talking to myself,Linkin Park,album,alternative metal,17132813.0,False,One More Light,2017-05-19,3,10,0.593,0.7120000000000001,2,-6.325,0,0.0286,0.00184,0.0,0.128,0.473,124.013,231307,4,metal,1272.0,1.0,1,0,1,0,0,0,0,0,0,0,0,0,0,0,0,0,0,1,0,0,0,0,0,0,0,0,1.0,0.0,-1.0,0.0,1.1,0.0,-3.0,0.0,1.0,1.0,0.0,0.0,0.0,2.0,1.0,1.0,3.0,3.0,254.0,0.00393700787401575,0.00393700787401575,0.0,0.0,0.0,0.0078740157480315,0.00393700787401575,0.00393700787401575,0.0118110236220472,0.0118110236220472,0.166666666666667,0.166666666666667,0.0,0.0,0.0,0.33333333333333304,0.166666666666667,0.166666666666667,0.5,0.5,0.0,10.0,-1.0,1.0,0.0,0.0,Hope,0.0,0.0,0.0,0.0,1.0,0.0,0.0,0.0,0,1,0,0,0,0,0,0,0,0,0,0,0,0,0,0,0,0,0,0,0,0,0,0,0,0,0,0,0,0,0,1,0,0,0,0,0,0,167,0.0,0.0,spanish speaking
Finland,https://open.spotify.com/track/7nAfXgeHfDO50upcOjJOaq,243.2,talking to myself,Linkin Park,album,alternative metal,17132813.0,False,One More Light,2017-05-19,3,10,0.593,0.7120000000000001,2,-6.325,0,0.0286,0.00184,0.0,0.128,0.473,124.013,231307,4,metal,1272.0,1.0,1,0,1,0,0,0,0,0,0,0,0,0,0,0,0,0,0,1,0,0,0,0,0,0,0,0,1.0,0.0,-1.0,0.0,1.1,0.0,-3.0,0.0,1.0,1.0,0.0,0.0,0.0,2.0,1.0,1.0,3.0,3.0,254.0,0.00393700787401575,0.00393700787401575,0.0,0.0,0.0,0.0078740157480315,0.00393700787401575,0.00393700787401575,0.0118110236220472,0.0118110236220472,0.166666666666667,0.166666666666667,0.0,0.0,0.0,0.33333333333333304,0.166666666666667,0.166666666666667,0.5,0.5,0.0,10.0,-1.0,1.0,0.0,0.0,Hope,0.0,0.0,0.0,0.0,1.0,0.0,0.0,0.0,0,1,0,0,0,0,0,0,0,0,0,0,0,0,1,0,0,0,0,0,0,0,0,0,0,0,0,0,0,0,0,0,0,0,0,0,0,0,108,0.0,0.0,english speaking and nordic
France,https://open.spotify.com/track/7nAfXgeHfDO50upcOjJOaq,42.40000000000001,talking to myself,Linkin Park,album,alternative metal,17132813.0,False,One More Light,2017-05-19,3,10,0.593,0.7120000000000001,2,-6.325,0,0.0286,0.00184,0.0,0.128,0.473,124.013,231307,4,metal,1272.0,1.0,1,0,1,0,0,0,0,0,0,0,0,0,0,0,0,0,0,1,0,0,0,0,0,0,0,0,1.0,0.0,-1.0,0.0,1.1,0.0,-3.0,0.0,1.0,1.0,0.0,0.0,0.0,2.0,1.0,1.0,3.0,3.0,254.0,0.00393700787401575,0.00393700787401575,0.0,0.0,0.0,0.0078740157480315,0.00393700787401575,0.00393700787401575,0.0118110236220472,0.0118110236220472,0.166666666666667,0.166666666666667,0.0,0.0,0.0,0.33333333333333304,0.166666666666667,0.166666666666667,0.5,0.5,0.0,10.0,-1.0,1.0,0.0,0.0,Hope,0.0,0.0,0.0,0.0,1.0,0.0,0.0,0.0,0,1,0,0,0,0,0,0,0,0,0,0,0,0,0,1,0,0,0,0,0,0,0,0,0,0,0,0,0,0,0,0,0,0,0,0,0,0,148,0.0,0.0,southern europe and portuguese heritage
Indonesia,https://open.spotify.com/track/7nAfXgeHfDO50upcOjJOaq,632.1500000000002,talking to myself,Linkin Park,album,alternative metal,17132813.0,False,One More Light,2017-05-19,3,10,0.593,0.7120000000000001,2,-6.325,0,0.0286,0.00184,0.0,0.128,0.473,124.013,231307,4,metal,1272.0,1.0,1,0,1,0,0,0,0,0,0,0,0,0,0,0,0,0,0,1,0,0,0,0,0,0,0,0,1.0,0.0,-1.0,0.0,1.1,0.0,-3.0,0.0,1.0,1.0,0.0,0.0,0.0,2.0,1.0,1.0,3.0,3.0,254.0,0.00393700787401575,0.00393700787401575,0.0,0.0,0.0,0.0078740157480315,0.00393700787401575,0.00393700787401575,0.0118110236220472,0.0118110236220472,0.166666666666667,0.166666666666667,0.0,0.0,0.0,0.33333333333333304,0.166666666666667,0.166666666666667,0.5,0.5,0.0,10.0,-1.0,1.0,0.0,0.0,Hope,0.0,0.0,0.0,0.0,1.0,0.0,0.0,0.0,0,1,0,0,0,0,0,0,0,0,0,0,0,0,0,0,0,0,1,0,0,0,0,0,0,0,0,0,0,0,0,0,0,0,0,0,0,0,60,0.0,0.0,southern europe and portuguese heritage
Italy,https://open.spotify.com/track/7nAfXgeHfDO50upcOjJOaq,142.64999999999995,talking to myself,Linkin Park,album,alternative metal,17132813.0,False,One More Light,2017-05-19,3,10,0.593,0.7120000000000001,2,-6.325,0,0.0286,0.00184,0.0,0.128,0.473,124.013,231307,4,metal,1272.0,1.0,1,0,1,0,0,0,0,0,0,0,0,0,0,0,0,0,0,1,0,0,0,0,0,0,0,0,1.0,0.0,-1.0,0.0,1.1,0.0,-3.0,0.0,1.0,1.0,0.0,0.0,0.0,2.0,1.0,1.0,3.0,3.0,254.0,0.00393700787401575,0.00393700787401575,0.0,0.0,0.0,0.0078740157480315,0.00393700787401575,0.00393700787401575,0.0118110236220472,0.0118110236220472,0.166666666666667,0.166666666666667,0.0,0.0,0.0,0.33333333333333304,0.166666666666667,0.166666666666667,0.5,0.5,0.0,10.0,-1.0,1.0,0.0,0.0,Hope,0.0,0.0,0.0,0.0,1.0,0.0,0.0,0.0,0,1,0,0,0,0,0,0,0,0,0,0,0,0,0,0,0,0,0,0,1,0,0,0,0,0,0,0,0,0,0,0,0,0,0,0,0,0,100,0.0,0.0,southern europe and portuguese heritage
Malaysia,https://open.spotify.com/track/7nAfXgeHfDO50upcOjJOaq,1310.15,talking to myself,Linkin Park,album,alternative metal,17132813.0,False,One More Light,2017-05-19,3,10,0.593,0.7120000000000001,2,-6.325,0,0.0286,0.00184,0.0,0.128,0.473,124.013,231307,4,metal,1272.0,1.0,1,0,1,0,0,0,0,0,0,0,0,0,0,0,0,0,0,1,0,0,0,0,0,0,0,0,1.0,0.0,-1.0,0.0,1.1,0.0,-3.0,0.0,1.0,1.0,0.0,0.0,0.0,2.0,1.0,1.0,3.0,3.0,254.0,0.00393700787401575,0.00393700787401575,0.0,0.0,0.0,0.0078740157480315,0.00393700787401575,0.00393700787401575,0.0118110236220472,0.0118110236220472,0.166666666666667,0.166666666666667,0.0,0.0,0.0,0.33333333333333304,0.166666666666667,0.166666666666667,0.5,0.5,0.0,10.0,-1.0,1.0,0.0,0.0,Hope,0.0,0.0,0.0,0.0,1.0,0.0,0.0,0.0,0,1,0,0,0,0,0,0,0,0,0,0,0,0,0,0,0,0,0,0,0,1,0,0,0,0,0,0,0,0,0,0,0,0,0,0,0,0,27,0.0,1.0,english speaking and nordic
Norway,https://open.spotify.com/track/7nAfXgeHfDO50upcOjJOaq,9.6,talking to myself,Linkin Park,album,alternative metal,17132813.0,False,One More Light,2017-05-19,3,10,0.593,0.7120000000000001,2,-6.325,0,0.0286,0.00184,0.0,0.128,0.473,124.013,231307,4,metal,1272.0,1.0,1,0,1,0,0,0,0,0,0,0,0,0,0,0,0,0,0,1,0,0,0,0,0,0,0,0,1.0,0.0,-1.0,0.0,1.1,0.0,-3.0,0.0,1.0,1.0,0.0,0.0,0.0,2.0,1.0,1.0,3.0,3.0,254.0,0.00393700787401575,0.00393700787401575,0.0,0.0,0.0,0.0078740157480315,0.00393700787401575,0.00393700787401575,0.0118110236220472,0.0118110236220472,0.166666666666667,0.166666666666667,0.0,0.0,0.0,0.33333333333333304,0.166666666666667,0.166666666666667,0.5,0.5,0.0,10.0,-1.0,1.0,0.0,0.0,Hope,0.0,0.0,0.0,0.0,1.0,0.0,0.0,0.0,0,1,0,0,0,0,0,0,0,0,0,0,0,0,0,0,0,0,0,0,0,0,0,0,0,1,0,0,0,0,0,0,0,0,0,0,0,0,189,0.0,0.0,english speaking and nordic
New Zealand,https://open.spotify.com/track/7nAfXgeHfDO50upcOjJOaq,30.4,talking to myself,Linkin Park,album,alternative metal,17132813.0,False,One More Light,2017-05-19,3,10,0.593,0.7120000000000001,2,-6.325,0,0.0286,0.00184,0.0,0.128,0.473,124.013,231307,4,metal,1272.0,1.0,1,0,1,0,0,0,0,0,0,0,0,0,0,0,0,0,0,1,0,0,0,0,0,0,0,0,1.0,0.0,-1.0,0.0,1.1,0.0,-3.0,0.0,1.0,1.0,0.0,0.0,0.0,2.0,1.0,1.0,3.0,3.0,254.0,0.00393700787401575,0.00393700787401575,0.0,0.0,0.0,0.0078740157480315,0.00393700787401575,0.00393700787401575,0.0118110236220472,0.0118110236220472,0.166666666666667,0.166666666666667,0.0,0.0,0.0,0.33333333333333304,0.166666666666667,0.166666666666667,0.5,0.5,0.0,10.0,-1.0,1.0,0.0,0.0,Hope,0.0,0.0,0.0,0.0,1.0,0.0,0.0,0.0,0,1,0,0,0,0,0,0,0,0,0,0,0,0,0,0,0,0,0,0,0,0,0,0,1,0,0,0,0,0,0,0,0,0,0,0,0,0,163,0.0,0.0,english speaking and nordic
Peru,https://open.spotify.com/track/7nAfXgeHfDO50upcOjJOaq,36.8,talking to myself,Linkin Park,album,alternative metal,17132813.0,False,One More Light,2017-05-19,3,10,0.593,0.7120000000000001,2,-6.325,0,0.0286,0.00184,0.0,0.128,0.473,124.013,231307,4,metal,1272.0,1.0,1,0,1,0,0,0,0,0,0,0,0,0,0,0,0,0,0,1,0,0,0,0,0,0,0,0,1.0,0.0,-1.0,0.0,1.1,0.0,-3.0,0.0,1.0,1.0,0.0,0.0,0.0,2.0,1.0,1.0,3.0,3.0,254.0,0.00393700787401575,0.00393700787401575,0.0,0.0,0.0,0.0078740157480315,0.00393700787401575,0.00393700787401575,0.0118110236220472,0.0118110236220472,0.166666666666667,0.166666666666667,0.0,0.0,0.0,0.33333333333333304,0.166666666666667,0.166666666666667,0.5,0.5,0.0,10.0,-1.0,1.0,0.0,0.0,Hope,0.0,0.0,0.0,0.0,1.0,0.0,0.0,0.0,0,1,0,0,0,0,0,0,0,0,0,0,0,0,0,0,0,0,0,0,0,0,0,0,0,0,1,0,0,0,0,0,0,0,0,0,0,0,155,0.0,0.0,spanish speaking
Philippines,https://open.spotify.com/track/7nAfXgeHfDO50upcOjJOaq,117.15,talking to myself,Linkin Park,album,alternative metal,17132813.0,False,One More Light,2017-05-19,3,10,0.593,0.7120000000000001,2,-6.325,0,0.0286,0.00184,0.0,0.128,0.473,124.013,231307,4,metal,1272.0,1.0,1,0,1,0,0,0,0,0,0,0,0,0,0,0,0,0,0,1,0,0,0,0,0,0,0,0,1.0,0.0,-1.0,0.0,1.1,0.0,-3.0,0.0,1.0,1.0,0.0,0.0,0.0,2.0,1.0,1.0,3.0,3.0,254.0,0.00393700787401575,0.00393700787401575,0.0,0.0,0.0,0.0078740157480315,0.00393700787401575,0.00393700787401575,0.0118110236220472,0.0118110236220472,0.166666666666667,0.166666666666667,0.0,0.0,0.0,0.33333333333333304,0.166666666666667,0.166666666666667,0.5,0.5,0.0,10.0,-1.0,1.0,0.0,0.0,Hope,0.0,0.0,0.0,0.0,1.0,0.0,0.0,0.0,0,1,0,0,0,0,0,0,0,0,0,0,0,0,0,0,0,0,0,0,0,0,0,0,0,0,0,1,0,0,0,0,0,0,0,0,0,0,82,0.0,0.0,southern europe and portuguese heritage
Poland,https://open.spotify.com/track/7nAfXgeHfDO50upcOjJOaq,1219.65,talking to myself,Linkin Park,album,alternative metal,17132813.0,False,One More Light,2017-05-19,3,10,0.593,0.7120000000000001,2,-6.325,0,0.0286,0.00184,0.0,0.128,0.473,124.013,231307,4,metal,1272.0,1.0,1,0,1,0,0,0,0,0,0,0,0,0,0,0,0,0,0,1,0,0,0,0,0,0,0,0,1.0,0.0,-1.0,0.0,1.1,0.0,-3.0,0.0,1.0,1.0,0.0,0.0,0.0,2.0,1.0,1.0,3.0,3.0,254.0,0.00393700787401575,0.00393700787401575,0.0,0.0,0.0,0.0078740157480315,0.00393700787401575,0.00393700787401575,0.0118110236220472,0.0118110236220472,0.166666666666667,0.166666666666667,0.0,0.0,0.0,0.33333333333333304,0.166666666666667,0.166666666666667,0.5,0.5,0.0,10.0,-1.0,1.0,0.0,0.0,Hope,0.0,0.0,0.0,0.0,1.0,0.0,0.0,0.0,0,1,0,0,0,0,0,0,0,0,0,0,0,0,0,0,0,0,0,0,0,0,0,0,0,0,0,0,1,0,0,0,0,0,0,0,0,0,66,0.0,0.0,english speaking and nordic
Portugal,https://open.spotify.com/track/7nAfXgeHfDO50upcOjJOaq,1216.9000000000005,talking to myself,Linkin Park,album,alternative metal,17132813.0,False,One More Light,2017-05-19,3,10,0.593,0.7120000000000001,2,-6.325,0,0.0286,0.00184,0.0,0.128,0.473,124.013,231307,4,metal,1272.0,1.0,1,0,1,0,0,0,0,0,0,0,0,0,0,0,0,0,0,1,0,0,0,0,0,0,0,0,1.0,0.0,-1.0,0.0,1.1,0.0,-3.0,0.0,1.0,1.0,0.0,0.0,0.0,2.0,1.0,1.0,3.0,3.0,254.0,0.00393700787401575,0.00393700787401575,0.0,0.0,0.0,0.0078740157480315,0.00393700787401575,0.00393700787401575,0.0118110236220472,0.0118110236220472,0.166666666666667,0.166666666666667,0.0,0.0,0.0,0.33333333333333304,0.166666666666667,0.166666666666667,0.5,0.5,0.0,10.0,-1.0,1.0,0.0,0.0,Hope,0.0,0.0,0.0,0.0,1.0,0.0,0.0,0.0,0,1,0,0,0,0,0,0,0,0,0,0,0,0,0,0,0,0,0,0,0,0,0,0,0,0,0,0,0,1,0,0,0,0,0,0,0,0,64,0.0,0.0,southern europe and portuguese heritage
